"id","nj","d","d_nj","bk","kfc","roys","wendys","co_owned","centralj","southj","pa1","pa2","fte","ft","pt","mgrs","wage","meal","hrsopen","bonus","ncalls","status","type","inctime","firstinc","nregs"
1,0,0,0,1,0,0,0,0,0,0,1,0,40.5,30,15,3,NA,2.58,16.5,1,0,1,1,19,NA,3
2,0,0,0,0,1,0,0,0,0,0,1,0,13.75,6.5,6.5,4,NA,4.26,13,0,0,1,1,26,NA,4
3,0,0,0,0,1,0,0,1,0,0,1,0,8.5,3,7,2,NA,4.02,10,0,0,1,1,13,0.37,3
4,0,0,0,0,0,0,1,1,0,0,1,0,34,20,20,4,5,3.48,12,1,0,1,1,26,0.1,2
5,0,0,0,0,0,0,1,1,0,0,1,0,24,6,26,5,5.5,3.29,12,1,0,1,1,52,0.15,2
6,0,0,0,0,0,0,1,1,0,0,1,0,20.5,0,31,5,5,2.59,12,0,2,1,1,26,0.07,2
7,0,0,0,1,0,0,0,0,0,0,0,1,70.5,50,35,3,5,2.86,18,0,0,1,1,26,0.1,3
8,0,0,0,1,0,0,0,0,0,0,0,1,23.5,10,17,5,5,2.85,24,0,0,1,1,52,0.25,6
9,0,0,0,0,1,0,0,1,0,0,0,1,11,2,8,5,5.25,3.78,10,0,0,1,1,13,0.25,2
10,0,0,0,0,1,0,0,1,0,0,1,0,9,2,10,2,5,3.99,10,0,2,1,1,19,0.15,4
11,0,0,0,0,0,1,0,1,0,0,0,1,15.5,2.5,20,3,5,3.17,12.5,1,0,1,2,13,0.37,4
12,0,0,0,1,0,0,0,0,0,0,0,1,58,40,30,3,5,2.84,18,0,0,1,1,13,0.17,4
13,0,0,0,1,0,0,0,0,0,0,0,1,26.5,8,27,5,5,2.6,18,0,0,1,1,39,0.25,3
14,0,0,0,1,0,0,0,0,0,0,0,1,28.5,10.5,30,3,5.5,2.75,18,0,0,1,1,NA,0.3,3
15,0,0,0,1,0,0,0,0,0,0,0,1,13.5,6,9,3,5,3.12,12.5,0,2,1,2,26,0.37,3
16,0,0,0,0,1,0,0,1,0,0,0,1,16.75,5,17.5,3,5.25,4.22,10,1,2,1,1,26,0.25,5
17,0,0,0,0,1,0,0,1,0,0,0,1,9.5,1,15,1,5,3.99,10,1,0,1,1,13,0.07,4
18,0,0,0,0,0,1,0,1,0,0,0,1,15,10,6,2,5,2.97,11.5,1,0,1,1,13,0.17,6
19,0,0,0,0,0,1,0,0,0,0,0,1,29.5,20,13,3,5,2.85,16,1,1,1,1,13,0.25,5
20,0,0,0,0,0,1,0,0,0,0,0,1,18.5,5,23,2,5,3,14,1,2,1,1,13,0.37,4
21,0,0,0,0,0,1,0,1,0,0,0,1,20.25,10,12.5,4,5,3.11,16,0,0,1,1,13,0.12,4
22,0,0,0,0,0,1,0,1,0,0,1,0,36,27,12,3,5,3.96,16,0,0,1,1,26,0.25,6
23,0,0,0,0,0,1,0,0,0,0,0,1,21,4,28,3,5,3,15,0,2,1,1,26,0.25,3
24,0,0,0,0,0,1,0,1,0,0,0,1,20.5,10,15,3,5,2.68,16,1,0,1,1,13,0.17,5
25,0,0,0,0,0,0,1,1,0,0,0,1,19,0,28,5,5,3.34,12,1,0,1,1,26,0.07,2
26,0,0,0,0,0,1,0,1,0,0,0,1,14,3,16,3,5,3.16,16,0,2,1,1,13,0.25,6
27,0,0,0,0,0,1,0,1,0,0,0,1,19,7,16,4,5,3.15,16,0,0,1,1,13,0.2,5
28,0,0,0,1,0,0,0,0,0,0,1,0,32.5,21,9,7,4.25,2.66,16.5,0,2,1,1,4,0.25,5
29,0,0,0,1,0,0,0,0,0,0,1,0,19,1,32,2,4.25,2.28,17.5,0,0,1,1,8,NA,4
30,0,0,0,1,0,0,0,0,0,0,1,0,27,10,20,7,4.25,2.6,16.5,0,0,1,1,4,0.15,3
31,0,0,0,1,0,0,0,0,0,0,1,0,19.5,0,27,6,4.25,2.65,16.5,0,0,1,1,18,0.2,3
32,0,0,0,1,0,0,0,0,0,0,1,0,24,17,4,5,4.5,2.67,16.5,0,2,1,1,NA,NA,3
33,0,0,0,1,0,0,0,0,0,0,1,0,18,0,24,6,4.25,2.67,16,0,0,1,1,2,0.25,3
34,0,0,0,1,0,0,0,0,0,0,1,0,NA,25,15,NA,4.5,2.77,17,0,2,1,1,4,0.17,3
35,0,0,0,1,0,0,0,0,0,0,1,0,19,6,20,3,4.25,2.48,14,1,0,1,1,13,0.2,4
36,0,0,0,0,1,0,0,0,0,0,1,0,14,6,10,3,4.5,5.4,12,0,0,1,1,13,NA,4
37,0,0,0,0,1,0,0,0,0,0,1,0,10.5,0,15,3,4.25,4.25,13,0,1,1,1,NA,0.15,4
38,0,0,0,0,0,0,1,1,0,0,1,0,38,30,10,3,4.67,2.56,12,1,0,1,1,26,0.07,2
39,0,0,0,0,0,0,1,1,0,0,1,0,23.5,8,25,3,4.75,2.65,12,0,2,1,1,26,0.15,2
40,0,0,0,0,0,0,1,0,0,0,1,0,10.5,0,15,3,4.25,2.61,10.5,0,3,1,1,26,0.1,2
41,0,0,0,0,0,0,1,0,0,0,1,0,25,10,20,5,4.25,2.54,11.5,0,0,1,1,4,0.1,2
42,0,0,0,0,1,0,0,1,0,0,0,1,11,2,12,3,4.75,4.02,10,0,0,1,1,52,0.12,4
43,0,0,0,1,0,0,0,0,0,0,1,0,36.5,20,25,4,4.25,2.5,15,0,0,1,1,13,0.15,3
44,0,0,0,1,0,0,0,0,0,0,1,0,52.5,20,55,5,4.5,2.47,16,0,0,1,1,17,0.15,4
45,0,0,0,1,0,0,0,0,0,0,1,0,29,10,30,4,4.25,2.48,16,0,0,1,2,13,0.15,3
46,0,0,0,1,0,0,0,0,0,0,1,0,45,15,50,5,4.25,NA,16,0,2,1,1,6,0.25,3
47,0,0,0,1,0,0,0,0,0,0,1,0,22.75,1,37.5,3,4.25,2.49,15.5,1,1,1,1,4,0.17,3
48,0,0,0,0,1,0,0,0,0,0,1,0,7.5,0,9,3,4.25,4.28,8,0,2,1,1,52,0.07,2
49,0,0,0,0,0,0,1,0,0,0,1,0,15.5,0,25,3,4.25,3.69,11.5,0,2,1,1,19,0.15,2
50,0,0,0,0,0,0,1,0,0,0,1,0,38,30,10,3,4.25,2.5,11.5,1,2,1,1,4,0.25,2
51,0,0,0,0,0,0,1,0,0,0,1,0,17.5,4,19,4,4.25,3.48,11.5,0,0,1,1,4,0.25,2
52,0,0,0,0,0,0,1,0,0,0,1,0,25,12,20,3,4.25,2.53,12.5,0,2,1,1,19,0.37,2
53,0,0,0,1,0,0,0,0,0,0,0,1,NA,NA,NA,3,4.5,2.81,18,0,2,1,1,4,0.25,NA
54,0,0,0,1,0,0,0,0,0,0,0,1,21,8,18,4,4.75,2.72,18,1,0,1,1,4,0.25,3
55,0,0,0,1,0,0,0,0,0,0,0,1,15.5,0,25,3,4.87,NA,18,0,2,1,1,3.5,NA,4
56,0,0,0,1,0,0,0,0,0,0,0,1,15.5,2,21,3,4.75,2.63,16.5,0,0,1,1,13,0.15,3
57,0,0,0,0,1,0,0,1,0,0,0,1,8.5,1,9,3,4.5,4.2,10,0,0,1,1,4,0.15,4
58,0,0,0,0,0,1,0,1,0,0,0,1,18,5,20,3,4.25,2.89,16,0,0,1,2,13,0.37,5
59,0,0,0,0,0,0,1,0,0,0,0,1,20.75,8,17.5,4,4.75,2.68,11.5,1,2,1,1,17,0.3,2
60,0,0,0,1,0,0,0,0,0,0,0,1,39,25,20,4,4.25,2.72,18,0,2,1,1,26,NA,2
61,0,0,0,1,0,0,0,0,0,0,0,1,41.5,37.5,2,3,4.25,2.93,16.5,0,2,1,1,52,NA,3
62,0,0,0,1,0,0,0,0,0,0,0,1,22.5,5,27,4,4.75,2.72,17,1,0,1,1,26,0.5,3
63,0,0,0,1,0,0,0,0,0,0,0,1,32,25,8,3,4.5,2.81,15,0,1,1,1,NA,NA,3
64,0,0,0,1,0,0,0,0,0,0,1,0,24,6,30,3,4.25,2.65,18,0,2,1,1,52,0.12,3
65,0,0,0,1,0,0,0,0,0,0,0,1,26,8,28,4,4.25,2.74,16.5,1,1,1,1,39,0.12,3
66,0,0,0,1,0,0,0,0,0,0,1,0,48.5,32,25,4,4.5,2.74,19,0,0,1,2,13,0.22,3
67,0,0,0,0,1,0,0,1,0,0,0,1,8.5,1,9,3,4.5,4.02,10,0,2,1,1,26,0.37,4
68,0,0,0,0,0,1,0,0,0,0,0,1,18.5,4,25,2,4.5,2.91,13,0,0,3,2,13,0.37,3
69,0,0,0,0,0,1,0,1,0,0,0,1,13,2,16,3,4.5,3.1,12.5,0,0,1,1,13,0.25,2
70,0,0,0,0,0,0,1,1,0,0,0,1,22.5,12,15,3,4.5,2.59,12,1,0,1,1,13,0.15,2
71,0,0,0,0,0,0,1,1,0,0,0,1,28,20,10,3,4.75,2.6,12,1,2,1,1,26,0.1,2
72,0,0,0,1,0,0,0,0,0,0,0,1,24.5,14,15,3,4.25,2.62,16.5,1,0,1,1,4,0.37,3
73,0,0,0,1,0,0,0,0,0,0,0,1,18.5,7.5,14,4,4.75,2.72,16.5,0,2,1,1,NA,0.12,3
74,0,0,0,0,0,1,0,1,0,0,0,1,23.5,7,25,4,4.25,3.01,16,0,0,1,1,26,0.25,3
75,0,0,0,0,0,1,0,1,0,0,0,1,15,4,16,3,4.75,2.97,16.5,0,0,1,1,9,0.15,4
76,0,0,0,0,0,1,0,0,0,0,0,1,18,5,20,3,4.5,2.78,16,0,0,1,1,26,0.25,5
77,0,0,0,0,0,1,0,1,0,0,0,1,20.25,6,22.5,3,4.75,3.01,16,0,2,1,1,13,0.12,4
78,0,0,0,1,0,0,0,0,0,0,1,0,15.5,2.5,20,3,4.25,NA,16.5,1,0,1,1,13,NA,4
79,0,0,0,1,0,0,0,0,0,0,1,0,21,2,30,4,4.35,2.81,16,0,2,1,1,26,0.2,3
80,1,0,0,1,0,0,0,0,1,0,0,0,15,0,22,4,NA,3.01,16,1,0,1,1,NA,NA,4
81,1,0,0,1,0,0,0,0,1,0,0,0,15,0,20,5,NA,3.02,14.5,0,0,1,1,13,NA,2
82,1,0,0,0,0,1,0,0,1,0,0,0,24,10,20,4,NA,NA,12.5,0,0,1,1,26,NA,5
83,1,0,0,0,0,1,0,1,0,0,0,0,19.25,4.5,25.5,2,NA,3.25,11.5,1,0,1,1,NA,NA,6
84,1,0,0,1,0,0,0,0,0,0,0,0,21.5,0,25,9,NA,2.84,17,0,0,1,1,52,0.15,4
85,1,0,0,0,1,0,0,0,0,0,0,0,9.5,0,13,3,NA,4.04,11,0,0,1,1,NA,NA,3
86,1,0,0,0,0,0,1,0,0,0,0,0,44,30,20,4,NA,3.07,12,0,0,1,1,NA,NA,NA
87,1,0,0,1,0,0,0,0,0,0,0,0,NA,NA,10,3,NA,2.99,16,0,1,1,1,26,NA,2
88,1,0,0,1,0,0,0,0,0,0,0,0,21,0,34,4,NA,3.26,17,0,3,1,1,17,NA,4
89,1,0,0,0,0,0,1,0,0,1,0,0,28,20,10,3,NA,2.98,16,0,0,1,1,16,NA,2
90,1,0,0,0,0,0,1,0,0,1,0,0,10,0,14,3,NA,2.65,14,1,2,1,1,52,0.27,2
91,1,0,0,1,0,0,0,0,0,0,0,0,20.5,0,35,3,NA,2.96,16,0,3,1,1,26,0.2,3
92,1,0,0,0,0,1,0,1,0,0,0,0,25.5,15,15,3,NA,NA,17,0,0,1,1,17,NA,4
93,1,0,0,0,0,0,1,0,0,0,0,0,19,0,30,4,NA,2.88,11.5,1,2,1,1,26,0.32,2
94,1,0,0,1,0,0,0,0,0,1,0,0,16.5,5,19,2,NA,2.73,16,1,0,1,1,4,0.25,3
95,1,0,0,1,0,0,0,1,0,1,0,0,17,9,10,3,NA,2.9,17,0,0,1,1,13,0.17,5
96,1,0,0,1,0,0,0,1,0,0,0,0,27.5,0,45,5,NA,3.15,19,1,2,1,1,26,0.15,4
97,1,0,0,0,0,1,0,1,1,0,0,0,5,2,2,2,5,4.72,7,0,2,1,1,13,0.25,4
98,1,0,0,0,1,0,0,0,1,0,0,0,16,10,8,2,5.12,4.4,11,0,0,1,1,6,0.25,6
99,1,0,0,1,0,0,0,0,0,0,0,0,41.5,30,15,4,5.56,2.95,16,1,3,1,1,6,NA,4
100,1,0,0,0,1,0,0,1,1,0,0,0,13,4,10,4,5,4.25,10,0,2,1,1,NA,0.37,4
101,1,0,0,0,1,0,0,0,0,0,0,0,10,6,4,2,5,4.65,10,0,4,1,1,13,0.37,2
102,1,0,0,0,1,0,0,0,1,0,0,0,15,4,16,3,5.25,4.65,11,0,2,1,1,13,0.15,4
103,1,0,0,0,0,1,0,0,0,0,0,0,26,12,20,4,5,3.04,17,0,0,1,1,26,0.25,5
104,1,0,0,0,0,0,1,0,1,0,0,0,18,8,12,4,5.5,4.5,13,1,0,1,1,30,0.17,2
105,1,0,0,0,0,1,0,0,0,0,0,0,35,6,50,4,5,3.42,19,0,0,1,1,4,0.15,6
106,1,0,0,0,0,1,0,1,0,0,0,0,21,13,10,3,5,3.16,17,0,0,1,1,26,0.15,4
107,1,0,0,0,0,0,1,0,0,0,0,0,34.5,25,13,3,5,3.1,12,0,4,1,2,26,0.1,2
108,1,0,0,0,0,0,1,0,0,0,0,0,18.25,8,14.5,3,5,3.15,13.5,1,6,1,1,13,0.37,2
109,1,0,0,0,0,0,1,0,0,0,0,0,24.5,12.5,20,2,5,4.17,13.5,0,2,1,1,13,0.25,2
110,1,0,0,1,0,0,0,0,1,0,0,0,20,7,20,3,5.5,3.16,12.5,0,3,1,1,26,0.52,5
111,1,0,0,1,0,0,0,1,1,0,0,0,16,10,6,3,5,3.08,16,0,2,1,1,13,0.17,3
112,1,0,0,0,1,0,0,0,1,0,0,0,17.5,0,25,5,5,4.42,10,0,2,1,1,26,0.25,NA
113,1,0,0,0,0,0,1,0,0,0,0,0,20.5,12.5,10,3,5,2.71,11.5,0,2,1,1,26,0.27,2
114,1,0,0,0,0,0,1,0,0,0,0,0,20,4,26,3,5,3.1,14,0,0,1,2,13,0.2,2
115,1,0,0,0,1,0,0,1,1,0,0,0,12.25,6.5,7.5,2,5,4.25,11,0,3,1,1,NA,0.15,4
116,1,0,0,0,0,1,0,0,1,0,0,0,33,20,20,3,5.25,2.84,16,0,3,1,1,26,0.05,6
117,1,0,0,0,0,1,0,0,1,0,0,0,31.5,15,25,4,5.5,3.18,17,1,2,1,2,4,0.37,5
118,1,0,0,0,0,0,1,0,1,0,0,0,NA,NA,NA,2,5.5,2.96,12.5,0,0,1,1,NA,NA,2
119,1,0,0,0,0,0,1,0,1,0,0,0,18,0,30,3,5.37,2.96,11.5,1,3,4,2,26,0.25,2
120,1,0,0,0,0,0,1,0,1,0,0,0,28,10,30,3,5.05,2.82,12.5,1,2,1,1,26,0.15,2
121,1,0,0,1,0,0,0,0,0,0,0,0,16.5,5,17,3,5,2.96,16,1,0,1,1,13,0.15,3
122,1,0,0,1,0,0,0,0,0,0,0,0,14.75,8.5,6.5,3,5.12,2.96,14,0,0,1,1,8,0.25,2
123,1,0,0,1,0,0,0,0,0,0,0,0,23.5,4.5,30,4,5.25,2.96,17,1,4,1,1,26,0.17,3
124,1,0,0,1,0,0,0,0,0,0,0,0,10,1,12,3,5,2.94,15,0,0,3,2,12,0.1,3
125,1,0,0,1,0,0,0,0,0,0,0,0,46.5,35,15,4,5.12,3.14,15,1,0,1,1,9,0.67,3
126,1,0,0,0,1,0,0,0,0,0,0,0,15.5,10,5,3,5,4.1,12,0,0,1,1,26,0.25,3
127,1,0,0,0,0,1,0,1,0,0,0,0,24.5,8,25,4,5,3.2,17,0,0,1,1,19,0.15,7
128,1,0,0,0,0,1,0,1,0,0,0,0,24,12,18,3,5,3.33,16.5,0,0,1,1,13,0.15,3
129,1,0,0,0,0,1,0,1,0,0,0,0,23,4,30,4,5,3.2,19,0,0,1,1,26,0.1,5
130,1,0,0,0,0,0,1,0,0,0,0,0,28,20,10,3,5,3.01,12.5,1,1,1,1,15,0.27,3
131,1,0,0,1,0,0,0,1,0,0,0,0,32.5,12,33,4,5,3.08,16,0,0,1,1,13,0.25,3
132,1,0,0,1,0,0,0,1,0,0,0,0,23,10,20,3,5,3.2,16,0,1,1,1,52,0.52,3
133,1,0,0,0,0,1,0,0,0,0,0,0,17,4,20,3,5.62,3.27,15,0,0,1,1,26,0.52,4
134,1,0,0,0,0,1,0,1,0,0,0,0,30,5,42,4,5,3.15,16,1,0,1,1,26,0.12,5
135,1,0,0,0,0,0,1,1,0,0,0,0,21.5,8,19,4,5,2.86,11.5,0,0,1,1,26,0.2,2
136,1,0,0,1,0,0,0,0,0,0,0,0,32,23,10,4,5,2.77,17,0,0,1,1,26,0.25,3
137,1,0,0,1,0,0,0,0,0,0,0,0,8,0,10,3,5,NA,16,0,2,1,1,26,NA,2
138,1,0,0,0,0,1,0,1,0,0,0,0,35.5,15,35,3,5.1,3.26,17,0,0,1,1,26,0.25,6
139,1,0,0,0,0,1,0,0,0,0,0,0,31.5,15,25,4,5,3.2,16,1,2,1,1,13,0.37,5
140,1,0,0,0,0,1,0,1,0,0,0,0,33,25,10,3,5.25,3.18,17,1,0,1,1,13,0.25,5
141,1,0,0,0,0,1,0,0,0,0,0,0,22,15,8,3,5.5,3.24,13.5,0,3,1,1,NA,NA,4
142,1,0,0,1,0,0,0,0,0,1,0,0,23,13,12,4,5,2.72,14.5,0,0,1,1,4,0.25,3
143,1,0,0,1,0,0,0,1,0,1,0,0,23,10,18,4,5,2.72,15,1,1,1,1,26,0.17,5
144,1,0,0,0,1,0,0,1,0,1,0,0,8.5,0,13,2,5,4.15,11,0,3,1,1,13,0.1,4
145,1,0,0,0,1,0,0,1,0,1,0,0,12.5,4,11,3,5.05,4.03,11,0,4,1,1,4,0.2,4
146,1,0,0,0,1,0,0,1,0,1,0,0,9.5,0,15,2,5.5,3.99,10,0,0,1,1,26,0.12,4
147,1,0,0,0,1,0,0,1,0,1,0,0,13,5,10,3,5,3.88,10.5,0,3,1,1,26,0.25,4
148,1,0,0,1,0,0,0,1,0,0,0,0,17,5,16,4,5.3,3.02,16,0,0,1,1,26,0.25,3
149,1,0,0,0,1,0,0,1,0,0,0,0,9,3,8,2,5,4.25,11.5,0,0,1,1,26,NA,3
150,1,0,0,0,1,0,0,1,0,0,0,0,19,8,12,5,5,4.25,10.5,1,4,1,1,11,0.36,3
151,1,0,0,0,1,0,0,0,0,1,0,0,11.5,5,9,2,5,4.37,12,1,0,1,1,13,0.12,4
152,1,0,0,0,1,0,0,0,0,1,0,0,13,3,14,3,5,4.42,12.5,0,0,1,1,NA,0.25,4
153,1,0,0,0,0,1,0,0,0,1,0,0,48,20,46,5,5.25,NA,24,0,2,1,2,26,0.2,5
154,1,0,0,0,0,1,0,1,0,1,0,0,45.5,18,45,5,5.15,NA,24,0,3,1,1,11,0.15,4
155,1,0,0,0,0,0,1,0,0,1,0,0,15,4,16,3,5.42,2.82,15.5,1,0,1,1,13,0.12,2
156,1,0,0,1,0,0,0,0,0,1,0,0,18,10,10,3,5,2.73,12.5,0,0,1,1,4,0.17,3
157,1,0,0,0,0,1,0,1,0,1,0,0,21,2.5,27,5,5,2.98,16,0,1,1,1,6,0.15,3
158,1,0,0,0,0,0,1,0,0,1,0,0,20.5,14,7,3,5.06,2.76,10.5,1,3,1,1,4,0.25,2
159,1,0,0,0,0,0,1,0,0,1,0,0,20.5,11.5,10,4,5.05,2.81,11.5,1,3,1,1,13,NA,2
160,1,0,0,0,0,0,1,0,0,0,0,0,17.5,4.5,20,3,5,2.76,11.5,0,1,1,1,16,0.2,2
161,1,0,0,1,0,0,0,0,0,0,0,0,27.5,12,23,4,5,3.03,16,0,0,1,1,13,0.15,3
162,1,0,0,1,0,0,0,1,0,0,0,0,24,14,12,4,5,2.99,15.5,0,0,1,1,4,0.25,6
163,1,0,0,1,0,0,0,0,0,0,0,0,34,25,10,4,5.25,NA,15,1,3,1,1,26,0.25,4
164,1,0,0,1,0,0,0,1,0,0,0,0,18,10,8,4,5,3.16,18.5,0,4,1,1,52,0.1,5
165,1,0,0,1,0,0,0,0,0,0,0,0,24,10,20,4,5,3.54,16.5,1,0,1,1,13,0.5,4
166,1,0,0,0,0,1,0,1,0,0,0,0,NA,13,31,NA,5.05,3.27,18,0,2,1,1,26,0.15,5
167,1,0,0,0,0,0,1,1,0,0,0,0,33.5,12,35,4,5,NA,11.5,0,0,1,1,NA,0.32,2
168,1,0,0,0,0,0,1,1,0,0,0,0,12,5,10,2,5.75,3.72,10.5,1,2,1,1,26,0.15,1
169,1,0,0,1,0,0,0,0,0,0,0,0,35,3,60,2,5,3.01,15,0,0,1,1,39,NA,3
170,1,0,0,1,0,0,0,0,1,0,0,0,35,16,30,4,4.5,2.61,16,0,0,1,1,NA,0.25,4
171,1,0,0,1,0,0,0,0,1,0,0,0,16,10,6,3,4.75,2.93,14,1,0,1,1,26,0.5,2
172,1,0,0,0,1,0,0,0,1,0,0,0,15.5,6,13,3,4.25,5.1,10,1,3,1,1,13,0.25,5
173,1,0,0,0,0,1,0,0,1,0,0,0,19,10,12,3,4.75,4.19,12.5,0,0,1,1,4,0.25,8
174,1,0,0,0,0,1,0,0,1,0,0,0,24,5,30,4,4.5,NA,17,0,0,1,1,13,0.17,5
175,1,0,0,0,0,0,1,0,1,0,0,0,NA,NA,25,4,4.8,4.21,12,0,0,1,1,NA,0.15,2
176,1,0,0,1,0,0,0,0,1,0,0,0,36,12,40,4,4.37,2.56,16,0,2,1,1,26,0.15,4
177,1,0,0,1,0,0,0,0,1,0,0,0,29,15,20,4,4.25,2.74,16,0,0,1,1,39,0.17,3
178,1,0,0,1,0,0,0,0,1,0,0,0,29,10,30,4,4.25,2.89,16,0,2,1,1,26,0.1,3
179,1,0,0,1,0,0,0,0,1,0,0,0,21.25,6.5,23.5,3,4.37,2.75,16,0,0,1,1,9,0.1,3
180,1,0,0,0,1,0,0,0,1,0,0,0,15.5,0,25,3,4.5,4.67,10,0,0,1,1,7,0.25,5
181,1,0,0,0,0,1,0,0,1,0,0,0,19.5,3,25,4,4.6,2.95,17,1,3,1,2,9,0.15,5
182,1,0,0,0,0,1,0,0,1,0,0,0,21,6,22,4,4.5,NA,17,0,0,1,1,13,0.25,5
183,1,0,0,0,0,1,0,0,1,0,0,0,14,0,20,4,4.37,4.08,17,0,0,1,1,13,0.25,6
184,1,0,0,0,0,1,0,0,1,0,0,0,30.5,15,25,3,4.25,NA,17,0,2,1,1,13,NA,4
185,1,0,0,1,0,0,0,0,0,1,0,0,23.5,4,31,4,4.25,2.89,16,0,3,1,1,4,0.25,3
186,1,0,0,0,1,0,0,0,0,1,0,0,14,5,12,3,4.45,3.99,10.5,0,0,1,1,6,0.1,3
187,1,0,0,0,0,1,0,0,0,1,0,0,14.5,3,15,4,4.35,2.85,16,0,2,1,1,26,0.12,4
188,1,0,0,1,0,0,0,0,0,0,0,0,15.5,0,25,3,4.5,2.96,16,0,2,1,1,26,0.12,3
189,1,0,0,1,0,0,0,0,1,0,0,0,26.5,15,15,4,4.75,3.02,16,1,2,1,2,13,0.25,4
190,1,0,0,0,1,0,0,0,0,0,0,0,8,0,14,1,4.5,4.79,10,0,6,1,1,NA,0.25,2
191,1,0,0,0,1,0,0,0,0,0,0,0,5.5,0,7,2,4.5,4.63,11,0,3,1,1,4,0.25,3
192,1,0,0,0,0,1,0,0,0,0,0,0,23.25,10,20.5,3,4.5,3.2,11.5,0,0,1,1,26,0.25,4
193,1,0,0,0,0,1,0,1,0,0,0,0,15.5,5,15,3,4.95,3.2,11.5,0,0,1,1,26,NA,5
194,1,0,0,0,0,0,1,0,0,0,0,0,32.25,25,6.5,4,4.5,4.04,11.5,1,2,1,1,9,0.25,2
195,1,0,0,1,0,0,0,0,1,0,0,0,30,15,20,5,4.25,2.98,17,0,0,1,1,17,0.15,3
196,1,0,0,1,0,0,0,1,0,0,0,0,NA,26,6,NA,4.25,3.24,18,0,1,1,1,26,NA,4
197,1,0,0,1,0,0,0,0,0,0,0,0,30.5,20,15,3,4.5,2.96,16,0,1,1,1,26,0.2,3
198,1,0,0,1,0,0,0,0,0,0,0,0,14,0,20,4,4.8,3.02,15.5,0,5,2,2,52,0.25,3
199,1,0,0,1,0,0,0,0,0,0,0,0,27,15,18,3,4.25,2.96,17,0,0,1,1,26,0.15,3
200,1,0,0,1,0,0,0,0,0,0,0,0,18.5,5,15,6,4.5,3.4,13.5,0,0,1,1,13,0.25,3
201,1,0,0,1,0,0,0,0,0,0,0,0,38,30,10,3,4.25,3.11,17,0,1,1,1,14,0.05,3
202,1,0,0,1,0,0,0,0,0,0,0,0,16.5,0,27,3,4.25,3.07,18,0,0,1,1,13,0.22,4
203,1,0,0,1,0,0,0,0,0,0,0,0,50,35,20,5,4.5,3.03,16,0,0,1,1,13,0.27,3
204,1,0,0,1,0,0,0,0,0,0,0,0,20.5,0,35,3,4.75,2.96,17,0,1,1,1,13,0.25,3
205,1,0,0,0,1,0,0,0,0,0,0,0,6.5,0,7,3,4.25,4.57,12,0,1,1,1,NA,0.75,3
206,1,0,0,0,1,0,0,0,0,0,0,0,13.5,3,15,3,4.25,5.21,11,0,0,1,1,4,0.25,3
207,1,0,0,0,0,1,0,1,0,0,0,0,28,8,32,4,4.25,3.16,17,0,0,1,1,26,0.2,6
208,1,0,0,0,0,1,0,1,0,0,0,0,21.5,6,25,3,4.5,3.25,17,0,4,1,1,26,0.15,5
209,1,0,0,0,0,0,1,0,0,0,0,0,NA,4.5,20,NA,4.25,3.1,11.5,0,1,1,1,26,0.25,2
210,1,0,0,1,0,0,0,0,1,0,0,0,24,4,30,5,4.5,2.8,16,0,3,1,1,26,0.15,4
211,1,0,0,1,0,0,0,0,1,0,0,0,20.5,11,11,4,4.25,3.1,15,0,1,1,1,13,0.25,3
212,1,0,0,1,0,0,0,0,1,0,0,0,NA,0,15,NA,4.5,2.94,15,0,0,1,1,26,NA,3
213,1,0,0,1,0,0,0,0,0,1,0,0,23.5,3,35,3,4.25,2.84,15,1,0,1,2,NA,NA,5
214,1,0,0,1,0,0,0,1,1,0,0,0,23,8,22,4,4.25,3.06,17,0,2,1,1,8,0.15,3
215,1,0,0,1,0,0,0,1,1,0,0,0,17,4,18,4,4.25,3.07,15,0,0,1,1,13,0.75,3
216,1,0,0,1,0,0,0,1,0,0,0,0,20.5,2.5,30,3,4.25,NA,16,0,0,1,1,52,0.15,NA
217,1,0,0,0,1,0,0,0,1,0,0,0,23.5,18,3,4,4.25,4.42,10,0,1,1,1,26,0.27,4
218,1,0,0,0,1,0,0,0,0,0,0,0,9.5,0,15,2,4.25,4.73,10,0,2,1,1,26,0.12,3
219,1,0,0,0,1,0,0,0,1,0,0,0,10,0,12,4,4.25,4.33,10,1,2,1,1,13,0.25,3
220,1,0,0,0,1,0,0,0,1,0,0,0,14,0,20,4,4.25,4.42,10,0,0,1,1,13,0.4,3
221,1,0,0,0,0,1,0,1,1,0,0,0,85,60,40,5,4.75,NA,24,0,0,1,2,26,0.15,8
222,1,0,0,0,0,1,0,0,1,0,0,0,15,4.5,15,3,4.75,3.44,15,0,3,1,1,26,0.15,6
223,1,0,0,0,0,1,0,0,0,1,0,0,21.5,12,13,3,4.4,3.04,16,0,2,1,1,52,0.2,6
224,1,0,0,0,0,0,1,0,1,0,0,0,53,40,20,3,4.62,2.73,11.5,1,0,1,1,4,0.32,2
225,1,0,0,1,0,0,0,0,0,0,0,0,24,0,40,4,4.25,2.99,16.5,0,2,1,1,10,NA,4
226,1,0,0,1,0,0,0,0,0,0,0,0,20.5,0,35,3,4.25,2.96,16,0,0,1,1,26,0.27,2
227,1,0,0,1,0,0,0,1,0,0,0,0,14.5,6,11,3,4.25,3.07,14.5,0,0,1,2,8,0.32,3
228,1,0,0,1,0,0,0,0,0,0,0,0,25,13.5,15,4,4.25,3.34,17,1,2,1,1,26,0.37,3
229,1,0,0,0,0,1,0,0,0,0,0,0,27,17,14,3,4.25,3.24,16,0,0,1,1,2,0.42,5
230,1,0,0,1,0,0,0,0,1,0,0,0,22.5,0,35,5,4.75,2.97,16,1,2,1,1,26,0.57,3
231,1,0,0,1,0,0,0,0,1,0,0,0,36.5,20,25,4,4.75,3.07,17,0,0,1,1,4,0.3,4
232,1,0,0,1,0,0,0,0,1,0,0,0,17.25,4,22.5,2,4.25,3.62,13,0,0,1,1,18,0.37,7
233,1,0,0,1,0,0,0,0,0,0,0,0,21.5,10,15,4,4.25,3.02,15,0,3,1,1,26,0.15,4
234,1,0,0,1,0,0,0,0,0,0,0,0,24.5,12,19,3,4.75,2.92,16.5,1,2,1,1,13,0.27,3
235,1,0,0,1,0,0,0,1,1,0,0,0,19,0,32,3,4.5,3.15,16,0,3,1,1,NA,NA,3
236,1,0,0,1,0,0,0,0,0,0,0,0,25,1,38,5,4.25,NA,12.5,0,0,1,1,4,0.2,5
237,1,0,0,1,0,0,0,0,1,0,0,0,16,8,10,3,4.25,3.01,15,0,1,1,1,13,0.25,2
238,1,0,0,0,1,0,0,0,1,0,0,0,19,15,0,4,4.5,4.1,12.5,0,0,1,1,26,0.25,3
239,1,0,0,0,0,1,0,1,1,0,0,0,22.75,7,25.5,3,4.5,3.19,18,0,2,1,2,19,0.3,4
240,1,0,0,0,0,1,0,1,1,0,0,0,35,20,20,5,4.5,4.64,24,0,0,1,1,26,0.25,5
241,1,0,0,0,0,1,0,1,1,0,0,0,16,6,16,2,4.75,3.25,17,0,0,1,1,26,NA,4
242,1,0,0,0,0,1,0,0,1,0,0,0,21,5.5,25,3,4.62,NA,16,0,2,1,1,NA,NA,4
243,1,0,0,0,0,1,0,1,1,0,0,0,26.75,14.5,14.5,5,4.25,3.29,17,0,2,0,2,21,0.27,5
244,1,0,0,0,0,1,0,1,0,0,0,0,30.5,15,25,3,4.25,3.2,16,0,3,1,1,26,0.15,6
245,1,0,0,0,0,0,1,0,1,0,0,0,23,0,40,3,4.5,2.83,11.5,1,0,1,1,26,0.37,2
246,1,0,0,0,0,0,1,0,1,0,0,0,21.5,10,15,4,4.75,2.99,12.5,1,0,1,1,13,0.27,2
247,1,0,0,0,0,0,1,0,0,0,0,0,36.5,15,35,4,4.25,3.07,11.5,1,0,1,1,26,0.15,2
248,1,0,0,1,0,0,0,0,0,0,0,0,23,8,20,5,4.8,3.12,16,1,3,1,1,26,0.25,4
249,1,0,0,1,0,0,0,0,0,0,0,0,14,0,20,4,4.5,2.96,16,0,1,1,1,26,0.27,2
250,1,0,0,1,0,0,0,0,0,0,0,0,17.25,0,27.5,3.5,4.67,3.01,16,1,2,1,2,26,0.27,3
251,1,0,0,1,0,0,0,0,0,0,0,0,18.5,8,15,3,4.87,3.03,15,0,0,1,1,6,0.25,8
252,1,0,0,0,1,0,0,0,0,0,0,0,8.5,2,7,3,4.5,3.96,10,0,1,1,1,4,0.12,3
253,1,0,0,0,1,0,0,0,0,0,0,0,14,6,12,2,4.5,4.17,10.5,0,8,1,1,4,0.12,3
254,1,0,0,0,0,1,0,1,0,0,0,0,23,0,40,3,4.75,3.2,16.5,0,2,1,1,26,0.17,NA
255,1,0,0,0,0,0,1,0,0,0,0,0,29,8,32,5,4.75,2.86,11.5,1,0,1,1,26,0.25,2
256,1,0,0,1,0,0,0,0,0,0,0,0,19,5,20,4,4.25,2.96,15,1,0,1,1,4,0.25,3
257,1,0,0,1,0,0,0,1,0,0,0,0,21,2,32,3,4.25,3.08,16,0,0,1,1,8,0.25,3
258,1,0,0,1,0,0,0,0,0,0,0,0,17,0,24,5,4.75,3.2,12.5,0,0,1,1,13,0.25,5
259,1,0,0,1,0,0,0,0,0,0,0,0,36,6,40,10,4.85,2.99,17.5,0,3,1,1,26,0.15,4
260,1,0,0,1,0,0,0,0,0,0,0,0,25,11,20,4,4.75,3.04,16,0,2,1,1,26,0.15,4
261,1,0,0,1,0,0,0,0,0,0,0,0,29.5,15,21,4,4.62,NA,16,0,0,1,1,13,0.12,4
262,1,0,0,0,1,0,0,1,0,0,0,0,22,13,12,3,4.25,4.1,10,1,0,1,1,52,0.2,3
263,1,0,0,0,1,0,0,0,0,0,0,0,11,2,12,3,4.25,4.16,10.5,1,2,1,1,13,0.25,3
264,1,0,0,0,1,0,0,0,0,0,0,0,13.5,8,3,4,4.5,4.73,11,0,0,1,1,26,0.25,4
265,1,0,0,0,1,0,0,0,0,1,0,0,13.5,3,15,3,4.5,4.73,11,1,0,1,1,4,0.25,4
266,1,0,0,0,1,0,0,0,0,0,0,0,18,12,4,4,4.62,4.73,11,0,0,1,1,20,0.33,4
267,1,0,0,0,1,0,0,0,1,0,0,0,9.5,2,9,3,4.5,4.73,10.5,0,0,1,1,13,0.2,4
268,1,0,0,0,0,1,0,0,0,0,0,0,24,10,20,4,4.75,3.09,16,1,3,1,1,26,0.15,5
269,1,0,0,0,0,1,0,0,0,0,0,0,14.5,4,15,3,4.75,3.31,15,0,0,1,1,39,0.2,4
270,1,0,0,0,0,0,1,0,0,0,0,0,29,20,10,4,4.87,2.82,12,1,2,1,1,26,0.17,2
271,1,0,0,0,0,0,1,0,0,0,0,0,10.5,1,13,3,4.5,2.79,11,1,3,1,1,13,0.12,2
272,1,0,0,0,0,0,1,0,0,0,0,0,18,0,30,3,4.25,2.97,11.5,1,3,1,1,26,NA,2
273,1,0,0,1,0,0,0,0,0,0,0,0,NA,NA,NA,4,4.25,2.96,16,1,0,1,1,4,0.12,3
274,1,0,0,0,1,0,0,0,0,0,0,0,9,0,12,3,4.35,3.99,10,0,0,1,1,NA,0.12,4
275,1,0,0,1,0,0,0,0,0,0,0,0,33,0,60,3,4.25,2.95,18,1,0,1,1,9,0.2,4
276,1,0,0,1,0,0,0,0,0,0,0,0,19.5,0,33,3,4.5,3.03,17,0,0,1,1,26,0.35,3
277,1,0,0,1,0,0,0,0,0,0,0,0,41,30,14,4,4.25,2.75,19,1,2,1,1,4,0.37,3
278,1,0,0,1,0,0,0,0,0,0,0,0,17,9,12,2,4.25,2.96,17,0,2,1,1,26,0.15,3
279,1,0,0,1,0,0,0,0,0,0,0,0,18.25,10,8.5,4,4.25,3.12,17.5,0,0,1,1,13,0.27,3
280,1,0,0,0,1,0,0,1,0,0,0,0,17,8,10,4,4.75,4.25,12,0,0,1,1,8,0.25,4
281,1,0,0,0,0,1,0,1,0,0,0,0,32,12,32,4,4.62,2.98,17,0,1,1,1,26,0.15,4
282,1,0,0,0,0,1,0,1,0,0,0,0,26,4,36,4,4.25,3.07,18,0,0,1,1,26,0.12,5
283,1,0,0,0,0,0,1,1,0,0,0,0,11.5,0,19,2,4.5,2.96,11.5,1,3,1,1,13,0.17,4
284,1,0,0,1,0,0,0,0,0,1,0,0,21,3,28,4,4.5,2.92,15,0,2,1,1,13,NA,3
285,1,0,0,1,0,0,0,0,0,1,0,0,22.75,11,17.5,3,4.5,2.78,16,0,0,1,1,13,0.17,3
286,1,0,0,1,0,0,0,1,0,1,0,0,18.5,4.5,20,4,4.55,2.82,17.5,0,1,1,2,4,0.15,4
287,1,0,0,1,0,0,0,0,0,1,0,0,20,2,30,3,4.62,2.82,16,0,0,1,1,6.5,0.25,2
288,1,0,0,1,0,0,0,0,0,1,0,0,18,10,10,3,4.5,2.86,16,0,0,1,1,13,0.2,3
289,1,0,0,0,1,0,0,0,0,1,0,0,10.5,2,11,3,4.25,4.78,10.5,0,0,1,1,13,0.15,4
290,1,0,0,0,1,0,0,1,0,1,0,0,10.5,2,13,2,4.25,3.88,10,0,0,1,1,13,0.17,4
291,1,0,0,0,1,0,0,1,0,1,0,0,11,7,4,2,4.35,3.93,10,0,0,1,1,26,0.25,3
292,1,0,0,0,1,0,0,1,0,1,0,0,10.5,3,9,3,4.25,3.99,10,0,0,1,1,19,0.12,4
293,1,0,0,0,1,0,0,0,0,1,0,0,12.5,3,15,2,4.25,4.78,10,0,4,1,1,13,0.25,5
294,1,0,0,0,1,0,0,0,0,1,0,0,18,1,28,3,4.6,4.53,11,0,0,1,1,13,0.25,4
295,1,0,0,0,0,1,0,1,0,1,0,0,17,2,24,3,4.25,3.03,12.5,0,3,1,1,13,0.25,3
296,1,0,0,0,0,1,0,1,0,1,0,0,15,3,18,3,4.75,NA,16,0,2,1,2,13,0.25,3
297,1,0,0,0,0,1,0,1,0,1,0,0,19.5,3,27,3,4.75,2.88,17,0,0,1,1,13,0.2,6
298,1,0,0,0,0,0,1,0,0,1,0,0,13,0,22,2,4.25,2.61,11.5,0,0,1,1,13,0.25,2
299,1,0,0,0,0,0,1,0,0,1,0,0,20.25,3,28.5,3,4.5,2.76,12.5,1,0,1,1,13,0.2,2
300,1,0,0,1,0,0,0,0,0,0,0,0,26,3,40,3,4.5,2.96,13.5,0,2,1,1,26,0.1,5
301,1,0,0,1,0,0,0,0,0,0,0,0,15.5,0,25,3,4.25,2.92,17,0,0,1,1,26,0.1,3
302,1,0,0,1,0,0,0,0,0,0,0,0,24,18,6,3,4.75,2.96,16,1,3,1,1,26,0.12,3
303,1,0,0,1,0,0,0,0,0,0,0,0,25.5,19,7,3,4.65,3.07,16,0,0,1,1,13,0.32,2
304,1,0,0,1,0,0,0,0,0,0,0,0,14.5,5,17,1,4.25,3.01,16,0,2,1,2,26,0.21,3
305,1,0,0,1,0,0,0,0,0,0,0,0,21.5,12,11,4,4.25,3.07,16,0,2,1,1,13,0.25,2
306,1,0,0,0,1,0,0,1,0,0,0,0,14,0,22,3,4.75,4.42,12,0,2,1,1,9,0.12,5
307,1,0,0,0,1,0,0,0,0,0,0,0,20,15,4,3,4.25,4.74,13.5,0,1,1,1,13,0.25,5
308,1,0,0,0,0,1,0,1,0,0,0,0,22.5,7,25,3,4.5,2.83,16.5,0,0,1,1,8,0.25,6
309,1,0,0,0,0,1,0,1,0,0,0,0,30,12,30,3,4.25,3.31,18,0,3,1,1,4,0.25,4
310,1,0,0,0,0,0,1,0,0,0,0,0,24,0,40,4,4.5,3.17,15.5,0,3,1,2,13,0.1,2
311,1,0,0,0,0,0,1,0,0,0,0,0,22,8,16,6,4.75,2.97,16,0,2,1,1,13,0.37,2
312,1,0,0,1,0,0,0,0,0,1,0,0,13,6,6,4,4.37,3.14,15,0,1,1,1,4,0.25,3
313,1,0,0,0,1,0,0,1,0,1,0,0,5,1,4,2,4.5,NA,10,0,2,1,1,13,0.3,4
314,1,0,0,0,0,1,0,1,0,1,0,0,13.5,7,7,3,4.87,4.59,13,0,0,1,1,52,NA,2
315,1,0,0,1,0,0,0,0,0,1,0,0,28,20,10,3,4.25,2.81,16,0,2,2,2,39,0.2,2
316,1,0,0,1,0,0,0,0,0,1,0,0,18,4,22,3,4.25,2.88,16,0,0,1,1,8,0.15,3
317,1,0,0,1,0,0,0,1,0,1,0,0,24,10,20,4,4.25,2.87,16,1,2,1,1,4,0.17,4
318,1,0,0,1,0,0,0,0,0,1,0,0,16.5,7,13,3,4.25,3.07,16.5,0,0,1,1,13,0.25,4
319,1,0,0,1,0,0,0,0,0,1,0,0,7,0,10,2,4.25,2.81,15,1,5,1,2,13,0.25,2
320,1,0,0,1,0,0,0,0,0,1,0,0,11,0,20,1,4.25,2.84,16,0,3,3,2,26,0.15,3
321,1,0,0,1,0,0,0,0,0,1,0,0,19.5,6.5,20,3,4.25,2.5,16,0,0,1,1,26,0.22,3
322,1,0,0,0,1,0,0,1,0,1,0,0,10,2,10,3,4.45,3.14,10,0,0,1,1,13,0.12,4
323,1,0,0,0,1,0,0,1,0,1,0,0,13,2,14,4,4.62,4.03,10,0,0,1,1,13,0.2,4
324,1,0,0,0,1,0,0,1,0,1,0,0,10,4,4,4,4.25,4.08,11,0,0,1,1,9,0.25,4
325,1,0,0,0,1,0,0,1,0,1,0,0,12.5,2,15,3,4.25,4.14,10,0,0,1,1,9,0.25,3
326,1,0,0,0,1,0,0,1,0,1,0,0,8,3,4,3,4.25,3.88,10,0,0,1,1,3,0.25,4
327,1,0,0,0,0,1,0,1,0,1,0,0,12,2,14,3,4.25,2.76,16,0,2,3,2,13,0.13,4
328,1,0,0,0,0,1,0,1,0,1,0,0,20.5,5,23,4,4.5,2.84,16,1,1,1,1,13,0.25,5
329,1,0,0,0,0,1,0,1,0,1,0,0,18.5,3,25,3,4.75,2.73,16,0,1,1,1,4,0.25,4
330,1,0,0,0,0,1,0,1,0,1,0,0,11.5,1,15,3,4.75,NA,11.5,0,4,1,1,13,0.25,2
331,1,0,0,0,0,1,0,1,0,1,0,0,15,3,18,3,4.5,2.92,16,0,2,1,1,13,0.17,5
332,1,0,0,0,0,1,0,1,0,1,0,0,13,0,20,3,4.75,2.92,16,0,3,1,1,NA,0.25,6
333,1,0,0,0,0,1,0,1,0,1,0,0,10,2,12,2,4.25,2.92,16,0,2,1,1,13,0.2,5
334,1,0,0,0,0,0,1,0,0,1,0,0,17,8,12,3,4.75,2.79,12.5,0,1,1,1,26,0.1,2
335,1,0,0,0,0,0,1,0,0,1,0,0,17,4,20,3,4.55,2.76,11.5,0,0,1,1,16,0.12,2
336,1,0,0,0,0,0,1,0,0,1,0,0,20.5,10,15,3,4.8,2.82,16,0,2,1,1,26,0.12,2
337,1,0,0,1,0,0,0,0,0,0,0,0,15.5,8,9,3,4.75,2.96,16.5,0,3,1,2,26,0.12,3
338,1,0,0,1,0,0,0,1,0,0,0,0,19.5,9,15,3,4.25,2.95,16,0,1,1,1,13,0.05,3
339,1,0,0,0,0,1,0,1,0,0,0,0,30.5,10,35,3,4.35,3.14,17,1,0,1,1,26,0.27,6
340,1,0,0,0,0,1,0,0,0,0,0,0,23,10,20,3,4.5,4.78,17,0,3,1,1,26,0.37,5
341,1,0,0,0,0,1,0,1,0,0,0,0,13,0,20,3,4.39,3.6,17,0,2,1,1,NA,NA,5
342,1,0,0,0,0,1,0,1,0,0,0,0,30.25,17.5,17.5,4,4.25,3.44,18,0,0,1,1,15,0.5,5
343,1,0,0,0,0,0,1,0,0,0,0,0,18,0,28,4,4.25,3.76,11.5,1,2,1,1,13,0.25,2
344,1,0,0,1,0,0,0,0,0,1,0,0,10,4,6,3,4.25,3.21,11,0,3,1,1,10,0.22,3
345,1,0,0,1,0,0,0,0,0,1,0,0,19.5,11,9,4,4.5,2.93,15,0,0,1,1,4,0.25,3
346,1,0,0,1,0,0,0,0,0,1,0,0,17,8,12,3,4.62,2.92,15,0,8,1,1,4,0.25,3
347,1,0,0,1,0,0,0,1,0,1,0,0,25.5,15,15,3,4.62,2.85,16,0,0,1,1,8,0.25,3
348,1,0,0,1,0,0,0,0,0,1,0,0,6,0,8,2,4.25,3.11,12,0,3,1,1,13,0.17,3
349,1,0,0,0,1,0,0,0,0,1,0,0,11.5,5,7,3,4.75,4.82,12,1,3,1,1,13,0.25,3
350,1,0,0,0,1,0,0,0,0,1,0,0,8.5,0,11,3,4.62,5.86,12.5,1,2,1,1,2.5,0.12,NA
351,1,0,0,0,0,1,0,1,0,1,0,0,18.5,8,13,4,4.75,3.14,16,0,0,1,1,13,0.15,6
352,1,0,0,0,0,1,0,1,0,1,0,0,15.5,4,15,4,4.5,2.94,15,0,0,1,1,10,0.25,6
353,1,0,0,1,0,0,0,0,1,0,0,0,14.25,2,16.5,4,4.25,2.72,15,0,0,1,1,13,0.2,4
354,1,0,0,1,0,0,0,0,0,1,0,0,38,28,12,4,4.5,2.86,15,0,2,1,1,4,0.2,3
355,1,0,0,1,0,0,0,1,0,1,0,0,24.75,5,29.5,5,4.87,2.92,17,0,0,1,1,NA,0.3,4
356,1,0,0,1,0,0,0,1,0,1,0,0,23,18,6,2,4.25,2.86,16,0,2,1,1,26,0.37,3
357,1,0,0,1,0,0,0,0,0,1,0,0,24,6,30,3,4.25,2.76,14.5,0,3,1,1,26,0.1,5
358,1,0,0,0,1,0,0,1,0,1,0,0,7.5,2,7,2,4.62,4.03,9.5,0,0,1,1,4,0.25,3
359,1,0,0,0,1,0,0,1,0,1,0,0,15,10,6,2,4.75,4.03,10.5,0,0,1,1,26,0.25,4
360,1,0,0,0,1,0,0,1,0,1,0,0,9.25,2,10.5,2,4.25,NA,10,0,0,1,1,19,0.2,4
361,1,0,0,0,0,1,0,1,1,0,0,0,11.25,3,10.5,3,4.25,3.03,10.5,0,0,3,2,13,0.2,3
362,1,0,0,0,0,1,0,1,0,1,0,0,16.5,8,9,4,4.75,3.09,16,0,0,1,1,13,0.37,5
363,1,0,0,0,0,1,0,1,0,1,0,0,18.75,2,27.5,3,4.25,2.87,16,0,1,1,1,NA,NA,4
364,1,0,0,0,0,1,0,1,0,0,0,0,13.5,0,19,4,4.75,3.02,11.5,0,0,5,2,8,0.25,2
365,1,0,0,0,0,1,0,1,0,1,0,0,21.75,7.5,22.5,3,4.37,2.87,16,0,0,1,2,13,0.22,5
366,1,0,0,0,0,0,1,0,1,0,0,0,13.5,2,17,3,4.87,2.82,11.5,1,0,1,1,26,0.15,2
367,1,0,0,1,0,0,0,1,0,1,0,0,15,0,22,4,4.25,2.69,15,0,1,1,1,26,0.17,3
368,1,0,0,1,0,0,0,0,0,1,0,0,17.5,3,25,2,4.25,2.79,15,1,0,1,1,13,0.15,3
369,1,0,0,1,0,0,0,0,0,1,0,0,17.5,6,13,5,4.25,2.78,16,0,0,1,1,26,0.22,3
370,1,0,0,0,1,0,0,0,0,1,0,0,NA,6,13,NA,4.25,4.32,12.5,1,0,1,1,13,0.66,5
371,1,0,0,0,1,0,0,0,0,1,0,0,15.5,0,25,3,4.25,4.31,12.5,0,2,1,1,18,0.18,4
372,1,0,0,0,1,0,0,0,0,1,0,0,16.5,3.5,20,3,4.25,4.25,12,1,3,1,1,13,0.12,4
373,1,0,0,0,0,1,0,0,0,1,0,0,13.5,2,17,3,4.5,2.56,11.5,0,3,1,1,13,0.25,5
374,1,0,0,0,0,0,1,0,0,1,0,0,13,0,20,3,4.25,2.7,12.5,0,1,1,1,13,0.15,2
375,1,0,0,1,0,0,0,1,0,0,0,0,11.5,0,15,4,4.35,3.4,15,0,1,3,2,18,0.12,3
376,1,0,0,1,0,0,0,0,0,0,0,0,29.05,20,11.5,3.3,4.85,2.96,16,0,0,1,1,18,0.25,3
377,1,0,0,1,0,0,0,0,0,0,0,0,13,4,10,4,4.5,2.86,14,0,3,1,1,13,0.1,8
378,1,0,0,1,0,0,0,0,0,0,0,0,18,12,6,3,4.25,2.96,14,1,3,1,1,26,0.15,3
379,1,0,0,1,0,0,0,0,0,0,0,0,30,20,12,4,4.62,3.07,16,0,0,1,1,26,0.17,3
380,1,0,0,1,0,0,0,0,0,0,0,0,20.5,10,15,3,4.5,2.96,16,0,0,1,1,52,0.2,3
381,1,0,0,1,0,0,0,0,0,0,0,0,10,6,4,2,4.5,3.05,16,0,3,1,1,26,0.25,2
382,1,0,0,1,0,0,0,0,0,0,0,0,NA,NA,NA,3,4.65,2.96,16,0,3,1,1,26,0.25,3
383,1,0,0,1,0,0,0,0,0,0,0,0,26,16,14,3,4.25,NA,17,1,2,1,2,NA,0.15,3
384,1,0,0,1,0,0,0,0,0,0,0,0,12.5,0,19,3,4.25,2.96,17,0,0,1,1,39,0.25,3
385,1,0,0,0,1,0,0,0,0,0,0,0,19.5,15,5,2,4.25,4.78,10,0,3,1,1,6,0.12,3
386,1,0,0,0,1,0,0,1,0,0,0,0,12,4,10,3,4.62,5.21,11,0,4,1,1,2,0.25,3
387,1,0,0,0,0,1,0,1,0,0,0,0,36,24,16,4,4.87,4.47,17,0,1,1,1,9,0.37,5
388,1,0,0,0,0,1,0,1,0,0,0,0,21,4,28,3,4.25,3.2,17,0,2,1,2,52,0.62,4
389,1,0,0,0,0,1,0,1,0,0,0,0,24.5,14,13,4,4.75,3.24,17,0,1,1,2,13,0.15,5
390,1,0,0,0,0,1,0,1,0,0,0,0,20,13,8,3,4.87,3.43,17,1,0,1,1,18,0.3,7
391,1,0,0,0,0,1,0,1,0,0,0,0,26.5,16,15,3,4.5,3.32,17,0,0,1,1,39,0.5,5
392,1,0,0,0,0,1,0,0,0,0,0,0,15,8,6,4,4.25,3.16,16,1,0,1,1,13,0.17,6
393,1,0,0,0,0,1,0,1,0,0,0,0,19,11,10,3,4.75,3.2,16,0,2,1,1,26,0.25,4
394,1,0,0,0,0,1,0,1,0,0,0,0,17.5,6,17,3,4.32,3.2,17,0,3,1,1,26,0.12,7
395,1,0,0,1,0,0,0,0,0,0,0,0,20.5,0,35,3,4.25,3.18,16,0,0,1,1,26,0.1,4
396,1,0,0,1,0,0,0,0,0,0,0,0,21,0,36,3,4.5,3.27,16,0,1,1,1,26,0.1,5
397,1,0,0,0,1,0,0,0,1,0,0,0,10.5,0,17,2,4.5,4.42,11,0,0,1,1,NA,0.37,5
398,1,0,0,1,0,0,0,0,0,0,0,0,23,0,36,5,4.25,3.2,17,0,0,1,1,9,0.5,4
399,1,0,0,1,0,0,0,0,0,0,0,0,23,0,36,5,4.25,3.12,16,0,0,1,1,26,NA,4
400,1,0,0,1,0,0,0,0,0,0,0,0,29,8,32,5,4.25,2.95,16,1,0,1,1,9,NA,5
401,1,0,0,1,0,0,0,1,0,0,0,0,21,4,28,3,4.25,3.06,16,1,0,1,1,13,0.2,4
402,1,0,0,1,0,0,0,0,0,0,0,0,41.5,30,15,4,4.25,2.55,15,1,2,1,1,26,0.1,4
403,1,0,0,0,1,0,0,1,0,0,0,0,12,3,10,4,4.25,4.25,11,0,4,1,2,NA,0.5,4
404,1,0,0,0,1,0,0,1,0,0,0,0,33,20,10,8,4.62,4.25,13,0,3,1,1,4,0.37,4
405,1,0,0,0,1,0,0,0,0,0,0,0,6.5,0,7,3,4.75,4.25,11,0,2,1,1,NA,0.25,4
406,1,0,0,0,1,0,0,1,0,0,0,0,9,2,10,2,4.95,4.25,12,1,3,1,1,13,0.5,3
407,1,0,0,0,1,0,0,1,0,0,0,0,9.75,3.5,6.5,3,4.75,4.25,11,0,0,1,1,13,0.25,5
408,1,0,0,0,0,1,0,1,0,0,0,0,24.5,3,33,5,4.25,3.26,19,0,0,1,1,26,0.15,5
409,1,0,0,0,0,0,1,0,0,0,0,0,14,7,8,3,4.75,4.07,12.5,0,3,1,2,13,0.1,2
410,1,0,0,0,0,0,1,0,0,0,0,0,19.5,0,33,3,4.62,3.1,12.5,0,2,1,1,13,0.12,2
1,0,1,0,1,0,0,0,0,0,0,1,0,24,3.5,35,3,4.3,NA,16.5,1,1,1,1,26,0.08,4
2,0,1,0,0,1,0,0,0,0,0,1,0,11.5,0,15,4,4.45,4.25,13,0,NA,1,1,13,0.05,4
3,0,1,0,0,1,0,0,1,0,0,1,0,10.5,3,7,4,5,4.02,11,NA,NA,1,1,19,0.25,4
4,0,1,0,0,0,0,1,1,0,0,1,0,20,0,36,2,5.25,2.58,12,0,NA,1,1,26,0.15,2
5,0,1,0,0,0,0,1,1,0,0,1,0,35.5,28,3,6,4.75,2.8,12,0,NA,1,1,13,0.15,2
6,0,1,0,0,0,0,1,1,0,0,1,0,NA,NA,NA,NA,NA,NA,12,0,NA,1,1,26,NA,3
7,0,1,0,1,0,0,0,0,0,0,0,1,29,15,18,5,4.75,2.84,18,0,NA,1,1,26,0.15,3
8,0,1,0,1,0,0,0,0,0,0,0,1,36.5,26,9,6,5,2.89,24,0,2,1,1,26,0.2,6
9,0,1,0,0,1,0,0,1,0,0,0,1,11,3,12,2,5,4.1,11,0,NA,1,1,13,0.25,4
10,0,1,0,0,1,0,0,1,0,0,1,0,8.5,2,9,2,5,3.95,10.5,0,1,1,1,13,0.25,4
11,0,1,0,0,0,1,0,1,0,0,0,1,17.5,1,25,4,4.75,2.91,12,0,1,1,2,13,0.2,6
12,0,1,0,1,0,0,0,0,0,0,0,1,29,9,32,4,5,2.67,18,1,NA,1,1,26,0.13,4
13,0,1,0,1,0,0,0,0,0,0,0,1,30.5,7,39,4,4.5,2.6,18,0,1,1,1,41,0.23,3
14,0,1,0,1,0,0,0,0,0,0,0,1,26,18,10,3,4.75,2.81,18,1,2,1,1,13,0.15,3
15,0,1,0,1,0,0,0,0,0,0,0,1,18,5,20,3,4.5,2.97,13,0,1,1,2,NA,0,3
16,0,1,0,0,1,0,0,1,0,0,0,1,20,15,4,3,5,4,11,1,2,1,1,26,0.25,3
17,0,1,0,0,1,0,0,1,0,0,0,1,13.5,4,13,3,4.75,4.02,11,0,NA,1,1,13,0.18,4
18,0,1,0,0,0,1,0,1,0,0,0,1,19,6,20,3,4.75,3,11,0,NA,1,1,26,0.1,6
19,0,1,0,0,0,1,0,0,0,0,0,1,15.5,5,15,3,4.75,2.96,15,0,NA,1,1,26,0.13,5
20,0,1,0,0,0,1,0,0,0,0,0,1,14.5,2,19,3,4.25,3.07,11.5,0,2,1,1,26,0.13,6
21,0,1,0,0,0,1,0,1,0,0,0,1,14,2,18,3,5,3.07,16,0,1,1,1,26,0.28,5
22,0,1,0,0,0,1,0,1,0,0,1,0,19,0,30,4,4.9,2.87,16,0,NA,1,1,13,0.25,3
23,0,1,0,0,0,1,0,0,0,0,0,1,21,8,20,3,5,2.98,16,1,NA,1,1,26,0.25,5
24,0,1,0,0,0,1,0,1,0,0,0,1,18,10,10,3,4.75,2.91,16,0,NA,1,1,19,0.18,NA
25,0,1,0,0,0,0,1,1,0,0,0,1,20.5,0,31,5,5,2.53,12,1,1,1,1,26,0.1,2
26,0,1,0,0,0,1,0,1,0,0,0,1,13.5,5.5,10,3,4.25,2.95,15.5,0,NA,1,1,26,0.2,3
27,0,1,0,0,0,1,0,1,0,0,0,1,17.5,5,19,3,4.75,2.96,16,0,NA,1,1,13,0.18,5
28,0,1,0,1,0,0,0,0,0,0,1,0,25.5,6,25,7,4.25,2.68,16.5,0,NA,1,1,52,0.18,6
29,0,1,0,1,0,0,0,0,0,0,1,0,15.5,5,15,3,NA,NA,16.5,0,NA,1,1,NA,NA,4
30,0,1,0,1,0,0,0,0,0,0,1,0,25.5,7,25,6,4.25,2.67,17.5,0,NA,1,1,8,0.13,3
31,0,1,0,1,0,0,0,0,0,0,1,0,27,0,42,6,4.25,2.63,17.5,0,2,1,1,NA,NA,3
32,0,1,0,1,0,0,0,0,0,0,1,0,16,0,22,5,4.25,NA,16.5,0,1,1,1,26,0.25,3
33,0,1,0,1,0,0,0,0,0,0,1,0,19,11,12,2,4.25,2.59,17.5,0,NA,1,1,26,0.15,3
34,0,1,0,1,0,0,0,0,0,0,1,0,24.5,0,45,2,4.25,2.77,18,0,NA,1,1,NA,NA,3
35,0,1,0,1,0,0,0,0,0,0,1,0,25,7.5,25,5,4.38,2.64,14,1,NA,1,1,13,0.25,4
36,0,1,0,0,1,0,0,0,0,0,1,0,17,4,20,3,4.75,4.25,13,0,NA,1,1,13,0.1,4
37,0,1,0,0,1,0,0,0,0,0,1,0,16.5,6,15,3,4.25,4.24,13,0,2,1,1,NA,NA,5
38,0,1,0,0,0,0,1,1,0,0,1,0,20,7,18,4,4.5,2.69,12,1,1,1,1,26,0.13,2
39,0,1,0,0,0,0,1,1,0,0,1,0,18,0,28,4,4.5,2.82,12,1,2,1,1,26,0.08,2
40,0,1,0,0,0,0,1,0,0,0,1,0,12,0,16,4,4.25,2.71,10.5,0,1,1,1,26,0.1,2
41,0,1,0,0,0,0,1,0,0,0,1,0,25,10,20,5,4.25,2.68,12,0,2,1,1,4,0.25,2
42,0,1,0,0,1,0,0,1,0,0,0,1,11,1,14,3,4.25,4.32,11,0,NA,1,1,4,0.3,4
43,0,1,0,1,0,0,0,0,0,0,1,0,27,0,48,3,4.25,2.39,16,0,NA,1,1,26,0.13,3
44,0,1,0,1,0,0,0,0,0,0,1,0,34,25,10,4,5.05,2.47,16,0,1,1,1,26,0.2,3
45,0,1,0,1,0,0,0,0,0,0,1,0,25,0,42,4,NA,2.42,16,0,6,1,2,NA,NA,3
46,0,1,0,1,0,0,0,0,0,0,1,0,37.5,19,29,4,4.25,2.55,16,0,NA,1,1,NA,NA,3
47,0,1,0,1,0,0,0,0,0,0,1,0,21,0,32,5,4.25,2.47,15.5,1,NA,1,1,6,0.15,3
48,0,1,0,0,1,0,0,0,0,0,1,0,9.5,2,9,3,4.25,4.22,9,0,NA,1,1,52,0.05,2
49,0,1,0,0,0,0,1,0,0,0,1,0,18,0,30,3,NA,3.6,11.5,0,NA,1,1,NA,NA,2
50,0,1,0,0,0,0,1,0,0,0,1,0,18,0,30,3,4.25,3.61,11.5,0,NA,1,1,4,0.25,2
51,0,1,0,0,0,0,1,0,0,0,1,0,19,5,20,4,4.35,3.61,11.5,0,NA,1,1,17,0.18,2
52,0,1,0,0,0,0,1,0,0,0,1,0,31.5,10,35,4,4.5,NA,11.5,0,NA,1,1,4,0.3,2
53,0,1,0,1,0,0,0,0,0,0,0,1,23,7,24,4,5,2.72,18,1,NA,1,1,4,0.25,4
54,0,1,0,1,0,0,0,0,0,0,0,1,24.5,8,27,3,4.5,2.66,18,0,1,1,1,13,0.25,3
55,0,1,0,1,0,0,0,0,0,0,0,1,27.5,15,15,5,5,2.54,18,0,NA,1,1,52,0.25,3
56,0,1,0,1,0,0,0,0,0,0,0,1,34.5,27.5,8,3,4.75,2.61,18,1,2,1,1,13,0.25,3
57,0,1,0,0,1,0,0,1,0,0,0,1,14,0,18,5,5,4.31,11,0,NA,1,1,13,0.25,4
58,0,1,0,0,0,1,0,1,0,0,0,1,15,0,20,5,4.35,2.91,15,1,1,1,2,28,0.15,4
59,0,1,0,0,0,0,1,0,0,0,0,1,23,14,12,3,NA,NA,11.5,0,5,1,1,52,NA,2
60,0,1,0,1,0,0,0,0,0,0,0,1,26.5,12,23,3,4.25,2.74,18,0,NA,1,1,26,0.15,3
61,0,1,0,1,0,0,0,0,0,0,0,1,23.5,8,25,3,4.9,2.71,17,0,NA,1,1,13,0.18,3
62,0,1,0,1,0,0,0,0,0,0,0,1,35.5,26,15,2,4.5,2.67,17,0,1,1,1,19,0.13,3
63,0,1,0,1,0,0,0,0,0,0,0,1,21,10,16,3,4.5,2.86,15,0,NA,1,1,26,0.15,3
64,0,1,0,1,0,0,0,0,0,0,1,0,23,5,30,3,4.75,2.98,18,0,1,1,1,52,0.2,3
65,0,1,0,1,0,0,0,0,0,0,0,1,20,6,20,4,6.25,2.69,17,0,NA,1,1,26,0.5,3
66,0,1,0,1,0,0,0,0,0,0,1,0,27,8,30,4,4.35,2.8,18,0,1,1,2,13,0.25,3
67,0,1,0,0,1,0,0,1,0,0,0,1,13,4,12,3,4.5,4.06,11,0,NA,1,1,19,NA,4
68,0,1,0,0,0,1,0,0,0,0,0,1,0,0,0,0,NA,NA,NA,NA,3,3,2,NA,NA,NA
69,0,1,0,0,0,1,0,1,0,0,0,1,13.5,4,15,2,4.5,3.27,12.5,0,NA,1,1,19,0.1,2
70,0,1,0,0,0,0,1,1,0,0,0,1,NA,NA,NA,5,NA,2.7,12,0,NA,1,1,NA,NA,2
71,0,1,0,0,0,0,1,1,0,0,0,1,26.75,21,5.5,3,5,2.72,12,1,2,1,1,26,NA,2
72,0,1,0,1,0,0,0,0,0,0,0,1,43.5,30,15,6,4.75,2.85,18,1,2,1,1,4,0.35,3
73,0,1,0,1,0,0,0,0,0,0,0,1,41.25,35,6.5,3,4.5,2.81,18,0,NA,1,1,13,0.15,3
74,0,1,0,0,0,1,0,1,0,0,0,1,14.25,2.5,17.5,3,NA,NA,15,1,2,1,1,13,NA,5
75,0,1,0,0,0,1,0,1,0,0,0,1,12.5,3,13,3,4.75,2.91,15,0,NA,1,1,NA,NA,6
76,0,1,0,0,0,1,0,0,0,0,0,1,34,23,16,3,4.25,2.95,16,0,1,1,1,10,0.2,6
77,0,1,0,0,0,1,0,1,0,0,0,1,10,2,12,2,4.91,2.85,14,1,NA,1,1,14,0.18,5
78,0,1,0,1,0,0,0,0,0,0,1,0,14,0,12,8,4.4,2.14,16,1,NA,1,1,13,0.13,4
79,0,1,0,1,0,0,0,0,0,0,1,0,17.5,3,23,3,4.25,2.69,16,0,NA,1,1,26,0.15,3
80,1,1,1,1,0,0,0,0,1,0,0,0,27,2,40,5,5.05,2.93,16,1,NA,1,1,26,0.28,3
81,1,1,1,1,0,0,0,0,1,0,0,0,21.5,5,25,4,5.05,2.99,14,0,NA,1,1,26,0.15,3
82,1,1,1,0,0,1,0,0,1,0,0,0,23,8,24,3,5.05,3.27,11.5,0,NA,1,1,NA,0.25,5
83,1,1,1,0,0,1,0,1,0,0,0,0,21.5,2,33,3,5.05,3.16,11.5,0,NA,1,1,26,0.2,6
84,1,1,1,1,0,0,0,0,0,0,0,0,34.5,26.5,10,3,5.05,2.95,17,0,NA,1,1,26,0.15,3
85,1,1,1,0,1,0,0,0,0,0,0,0,10.5,1,15,2,5.05,4.34,11,0,NA,1,1,NA,0.25,3
86,1,1,1,0,0,0,1,0,0,0,0,0,16.5,0,25,4,5.05,3.01,12,1,1,1,1,6,0.25,2
87,1,1,1,1,0,0,0,0,0,0,0,0,23,16,6,4,5.05,2.8,16,0,NA,1,1,4,0.25,3
88,1,1,1,1,0,0,0,0,0,0,0,0,38,23,22,4,5.05,3.1,18,1,2,1,1,8,0.28,4
89,1,1,1,0,0,0,1,0,0,1,0,0,36,28,10,3,5.25,2.9,15,1,1,1,1,8,0.2,2
90,1,1,1,0,0,0,1,0,0,1,0,0,16,8,12,2,NA,3.96,14,0,NA,1,1,52,0.14,2
91,1,1,1,1,0,0,0,0,0,0,0,0,20.5,0,35,3,5.05,2.93,16,0,NA,1,1,26,0.2,3
92,1,1,1,0,0,1,0,1,0,0,0,0,19,6,20,3,5.05,3.21,18,0,1,1,1,26,0.23,NA
93,1,1,1,0,0,0,1,0,0,0,0,0,53,35,30,3,5.05,3.01,11.5,0,NA,1,1,NA,0.2,2
94,1,1,1,1,0,0,0,0,0,1,0,0,16.5,4.5,20,2,5.05,2.76,16,0,NA,1,1,8,0.08,3
95,1,1,1,1,0,0,0,1,0,1,0,0,16.5,7,13,3,5.05,2.93,17,0,3,1,1,26,0.13,5
96,1,1,1,1,0,0,0,1,0,0,0,0,45,30,20,5,5.05,3.15,18.5,0,1,1,1,8,0.08,4
97,1,1,1,0,0,1,0,1,1,0,0,0,8,5,2,2,5.05,4.35,8,0,1,1,1,13,0.15,4
98,1,1,1,0,1,0,0,0,1,0,0,0,15.5,4,17,3,5.05,4.59,11,1,NA,1,1,13,0.25,6
99,1,1,1,1,0,0,0,0,0,0,0,0,24,10,20,4,5.05,2.89,16,0,2,1,1,NA,NA,5
100,1,1,1,0,1,0,0,1,1,0,0,0,7.5,0,7,4,5.05,4.42,10,0,NA,1,1,26,0.25,4
101,1,1,1,0,1,0,0,0,0,0,0,0,7.5,4,3,2,5.05,4.55,10,1,NA,1,1,19,0.25,2
102,1,1,1,0,1,0,0,0,1,0,0,0,18.5,6,15,5,5.05,4.69,12.5,0,3,1,1,26,0.25,4
103,1,1,1,0,0,1,0,0,0,0,0,0,16.5,6,11,5,5.05,3.22,17,0,NA,1,1,NA,0.2,4
104,1,1,1,0,0,0,1,0,1,0,0,0,33.5,10,35,6,5.05,3.03,12.5,1,NA,1,1,26,0.15,2
105,1,1,1,0,0,1,0,0,0,0,0,0,37,4,60,3,5.05,3.17,19,0,4,1,1,52,0.15,6
106,1,1,1,0,0,1,0,1,0,0,0,0,18,10,12,2,5.05,3.17,16,0,NA,1,1,26,0.1,5
107,1,1,1,0,0,0,1,0,0,0,0,0,26.5,0,45,4,5.05,4.16,11.5,1,3,1,2,NA,NA,2
108,1,1,1,0,0,0,1,0,0,0,0,0,33,25,8,4,5.05,3.14,13.5,1,NA,1,1,13,0.18,2
109,1,1,1,0,0,0,1,0,0,0,0,0,NA,NA,NA,4,5.05,2.99,14,0,2,1,1,26,0.5,2
110,1,1,1,1,0,0,0,0,1,0,0,0,20.5,0,35,3,5.05,3.17,12.5,0,NA,1,1,26,0.18,5
111,1,1,1,1,0,0,0,1,1,0,0,0,24.5,6,25,6,5.5,3.17,16,0,NA,1,1,4,0.63,3
112,1,1,1,0,1,0,0,0,1,0,0,0,16,2,20,4,5.05,4.37,10,0,NA,1,1,52,0.25,3
113,1,1,1,0,0,0,1,0,0,0,0,0,NA,NA,NA,2,5.05,3.15,12.5,0,2,1,1,13,NA,2
114,1,1,1,0,0,0,1,0,0,0,0,0,23.5,5,25,6,5.05,4.27,12.5,0,9,1,2,28,0.18,NA
115,1,1,1,0,1,0,0,1,1,0,0,0,13,3,16,2,5.05,4.16,11,0,1,1,1,26,0.25,3
116,1,1,1,0,0,1,0,0,1,0,0,0,20,7,18,4,5.05,3,16,0,NA,1,1,52,0.25,4
117,1,1,1,0,0,1,0,0,1,0,0,0,22,8,22,3,5.05,3.21,15,0,2,1,2,NA,NA,5
118,1,1,1,0,0,0,1,0,1,0,0,0,28.5,11,25,5,5.5,NA,12,1,NA,1,1,19,0.25,NA
119,1,1,1,0,0,0,1,0,1,0,0,0,NA,NA,NA,NA,NA,NA,NA,NA,2,4,2,NA,NA,NA
120,1,1,1,0,0,0,1,0,1,0,0,0,25.5,4,37,3,5.05,3.14,12.5,1,1,1,1,26,0.35,2
121,1,1,1,1,0,0,0,0,0,0,0,0,18,10,8,4,5.28,2.96,16,1,NA,1,1,26,0.13,3
122,1,1,1,1,0,0,0,0,0,0,0,0,9,6,0,3,5.25,2.95,14,0,1,1,1,13,0.38,2
123,1,1,1,1,0,0,0,0,0,0,0,0,26.5,7.5,30,4,5.05,2.93,17,1,NA,1,1,26,0.2,3
124,1,1,1,1,0,0,0,0,0,0,0,0,0,0,0,0,NA,NA,NA,NA,2,3,2,NA,NA,NA
125,1,1,1,1,0,0,0,0,0,0,0,0,23.75,12,13.5,5,5.05,3.04,15,0,NA,1,1,13,0.28,3
126,1,1,1,0,1,0,0,0,0,0,0,0,18,12,8,2,5.5,4.25,11,0,2,1,1,26,0.25,2
127,1,1,1,0,0,1,0,1,0,0,0,0,36,26,12,4,5.05,3.22,17,0,4,1,1,NA,NA,7
128,1,1,1,0,0,1,0,1,0,0,0,0,21,1.5,33,3,5.05,NA,15,0,NA,1,1,26,0.15,NA
129,1,1,1,0,0,1,0,1,0,0,0,0,15.5,5,15,3,5.05,3.22,17,0,NA,1,1,52,0.15,5
130,1,1,1,0,0,0,1,0,0,0,0,0,22.5,10,17,4,5.05,3.08,12.5,0,1,1,1,14,0.13,2
131,1,1,1,1,0,0,0,1,0,0,0,0,27,20,6,4,5.05,3.21,16,0,NA,1,1,52,0.15,3
132,1,1,1,1,0,0,0,1,0,0,0,0,34,20,20,4,5.05,3.58,16,0,NA,1,1,4,NA,4
133,1,1,1,0,0,1,0,0,0,0,0,0,16.75,5,17.5,3,5.05,3.22,15,0,NA,1,1,13,0.2,4
134,1,1,1,0,0,1,0,1,0,0,0,0,26,7,30,4,5.05,3.8,15,0,NA,1,1,26,0.18,5
135,1,1,1,0,0,0,1,1,0,0,0,0,18,0,30,3,5.05,4.01,12.5,0,NA,1,1,26,0.18,2
136,1,1,1,1,0,0,0,0,0,0,0,0,20.5,5,21,5,5.05,2.95,17,0,1,1,1,26,0.13,3
137,1,1,1,1,0,0,0,0,0,0,0,0,15,10,4,3,5.05,2.63,16,0,2,1,1,26,NA,3
138,1,1,1,0,0,1,0,1,0,0,0,0,25.5,15,15,3,5.05,3.15,17,0,1,1,1,26,0.15,6
139,1,1,1,0,0,1,0,0,0,0,0,0,NA,15,NA,4,5.05,3.25,16,0,1,1,1,26,0.1,5
140,1,1,1,0,0,1,0,1,0,0,0,0,20,12,10,3,5.05,3.22,16,1,NA,1,1,8,0.2,6
141,1,1,1,0,0,1,0,0,0,0,0,0,18,8,12,4,5.05,3.27,13,0,3,1,1,26,NA,5
142,1,1,1,1,0,0,0,0,0,1,0,0,26.5,15,15,4,5.05,NA,14.5,0,NA,1,1,NA,NA,3
143,1,1,1,1,0,0,0,1,0,1,0,0,23.25,0,42.5,2,5.05,2.56,15,1,NA,1,1,26,0.25,4
144,1,1,1,0,1,0,0,1,0,1,0,0,10.5,0,15,3,5.05,3.91,12,0,1,1,1,8,0.1,4
145,1,1,1,0,1,0,0,1,0,1,0,0,12,2,14,3,5.25,3.99,12,0,1,1,1,26,0.2,4
146,1,1,1,0,1,0,0,1,0,1,0,0,9.5,3,7,3,5.05,NA,11,0,NA,1,1,26,0.2,NA
147,1,1,1,0,1,0,0,1,0,1,0,0,15.5,5,15,3,5.05,4,12,0,NA,1,1,26,0.28,5
148,1,1,1,1,0,0,0,1,0,0,0,0,14.5,4,9,6,5.05,2.99,16,0,3,1,1,13,NA,3
149,1,1,1,0,1,0,0,1,0,0,0,0,14,6,12,2,5.05,4.21,11.5,0,1,1,1,13,0.25,3
150,1,1,1,0,1,0,0,1,0,0,0,0,6.5,2,7,1,5.05,4.1,10.5,0,1,1,1,4,0.5,3
151,1,1,1,0,1,0,0,0,0,1,0,0,10,4,6,3,5.05,4.32,11,0,NA,1,1,NA,NA,4
152,1,1,1,0,1,0,0,0,0,1,0,0,11.5,4,11,2,5.05,4.32,12,0,2,1,1,13,0.15,4
153,1,1,1,0,0,1,0,0,0,1,0,0,46.5,22,39,5,5.05,3.32,24,1,4,1,2,52,0.25,5
154,1,1,1,0,0,1,0,1,0,1,0,0,26.5,0,45,4,5.05,NA,24,0,1,1,1,NA,NA,4
155,1,1,1,0,0,0,1,0,0,1,0,0,16,3,20,3,5.67,2.99,14.5,0,NA,1,1,52,0.25,2
156,1,1,1,1,0,0,0,0,0,1,0,0,13,0,20,3,5.05,2.65,12.5,NA,NA,1,1,26,0.18,3
157,1,1,1,0,0,1,0,1,0,1,0,0,14,0,20,4,5.05,2.96,15,0,NA,1,1,4,0.18,3
158,1,1,1,0,0,0,1,0,0,1,0,0,15.5,9,7,3,5.05,2.79,10.5,0,NA,1,1,13,0.23,2
159,1,1,1,0,0,0,1,0,0,1,0,0,18,0,28,4,5.05,2.9,11.5,1,NA,1,1,17,0.15,2
160,1,1,1,0,0,0,1,0,0,0,0,0,27,21,6,3,5.25,4.19,12.5,0,NA,1,1,13,0.25,2
161,1,1,1,1,0,0,0,0,0,0,0,0,27,11,22,5,5.25,NA,16,0,NA,1,1,26,NA,4
162,1,1,1,1,0,0,0,1,0,0,0,0,29.5,18,15,4,5.05,3.06,15.5,1,NA,1,1,13,0.25,6
163,1,1,1,1,0,0,0,0,0,0,0,0,16.5,0,25,4,5.5,3,15,1,1,1,1,26,0.1,3
164,1,1,1,1,0,0,0,1,0,0,0,0,31.5,20,15,4,5.05,3.07,19,1,NA,1,1,52,0.25,6
165,1,1,1,1,0,0,0,0,0,0,0,0,27.5,15,15,5,5.05,3.69,16.5,1,NA,1,1,8,0.47,4
166,1,1,1,0,0,1,0,1,0,0,0,0,25.5,11,23,3,5.05,3.22,16,1,3,1,1,13,NA,4
167,1,1,1,0,0,0,1,1,0,0,0,0,32,17,22,4,5.5,3.77,12.5,NA,NA,1,1,13,NA,2
168,1,1,1,0,0,0,1,1,0,0,0,0,14.5,8,7,3,5.5,4.53,10.5,0,NA,1,1,26,0.15,1
169,1,1,1,1,0,0,0,0,0,0,0,0,10.5,0,15,3,5.05,3.14,15,0,2,1,1,NA,NA,3
170,1,1,1,1,0,0,0,0,1,0,0,0,44,20,40,4,5.05,2.74,16,0,NA,1,1,NA,NA,4
171,1,1,1,1,0,0,0,0,1,0,0,0,15.5,7.5,10,3,5.25,3,15,1,NA,1,1,19,0.38,2
172,1,1,1,0,1,0,0,0,1,0,0,0,10.5,4,7,3,5.05,4.74,11,0,2,1,1,26,0.25,5
173,1,1,1,0,0,1,0,0,1,0,0,0,24,5,30,4,5.05,3.48,13.5,0,NA,1,1,26,0.28,6
174,1,1,1,0,0,1,0,0,1,0,0,0,29,10,30,4,5.15,2.93,17,0,2,1,1,4,0.18,5
175,1,1,1,0,0,0,1,0,1,0,0,0,30.5,15,25,3,5.05,2.96,13,0,NA,1,1,26,0.33,2
176,1,1,1,1,0,0,0,0,1,0,0,0,20,0,32,4,5.05,3.04,16,0,NA,1,1,26,0.13,4
177,1,1,1,1,0,0,0,0,1,0,0,0,26.5,15,15,4,5.05,2.75,16,0,NA,1,1,4,0.28,3
178,1,1,1,1,0,0,0,0,1,0,0,0,27,12,24,3,5.05,2.86,16,0,1,1,1,NA,NA,3
179,1,1,1,1,0,0,0,0,1,0,0,0,26.5,15,15,4,5.05,2.87,16,0,3,1,1,26,0.25,3
180,1,1,1,0,1,0,0,0,1,0,0,0,10.5,2,11,3,5,4.7,11,0,1,1,1,13,0.25,4
181,1,1,1,0,0,1,0,0,1,0,0,0,18,5,20,3,5.05,4.06,17,0,5,1,2,NA,0.25,3
182,1,1,1,0,0,1,0,0,1,0,0,0,18.5,7,17,3,5.05,3,17,0,NA,1,1,19,0.25,5
183,1,1,1,0,0,1,0,0,1,0,0,0,25.5,4,35,4,5.05,2.94,17,0,1,1,1,13,0.2,6
184,1,1,1,0,0,1,0,0,1,0,0,0,32,8,38,5,5.05,2.68,17,1,NA,1,1,NA,0.25,7
185,1,1,1,1,0,0,0,0,0,1,0,0,33,6,44,5,5.05,2.92,16,0,NA,1,1,52,0.3,2
186,1,1,1,0,1,0,0,0,0,1,0,0,7.5,0,11,2,5.05,4.31,10,0,1,1,1,NA,NA,3
187,1,1,1,0,0,1,0,0,0,1,0,0,12.5,3,15,2,5.05,3.04,15,0,NA,1,1,19,0.13,4
188,1,1,1,1,0,0,0,0,0,0,0,0,24,14,14,3,5.05,2.93,16.5,0,1,1,1,NA,NA,3
189,1,1,1,1,0,0,0,0,1,0,0,0,29,15,20,4,5.05,2.99,NA,0,3,1,2,52,0.15,4
190,1,1,1,0,1,0,0,0,0,0,0,0,10,6,2,3,NA,NA,10,0,3,1,1,NA,NA,3
191,1,1,1,0,1,0,0,0,0,0,0,0,9.5,0,13,3,5.05,4.74,11,0,NA,1,1,26,0.25,3
192,1,1,1,0,0,1,0,0,0,0,0,0,17.5,2,25,3,5.05,4.61,11.5,0,1,1,1,26,0.23,4
193,1,1,1,0,0,1,0,1,0,0,0,0,17.5,11,7,3,5.05,3.06,11.5,0,NA,1,1,26,0.5,5
194,1,1,1,0,0,0,1,0,0,0,0,0,25,13,18,3,5.05,NA,11.5,0,6,1,1,13,0.25,2
195,1,1,1,1,0,0,0,0,1,0,0,0,26,10,20,6,5.05,2.56,17.5,0,NA,1,1,NA,0.25,3
196,1,1,1,1,0,0,0,1,0,0,0,0,24,15,10,4,5.05,3.21,18,0,1,1,1,26,0.1,4
197,1,1,1,1,0,0,0,0,0,0,0,0,22.5,13,13,3,5.05,2.95,16,0,NA,1,1,26,0.25,3
198,1,1,1,1,0,0,0,0,0,0,0,0,NA,NA,NA,3,5.05,NA,NA,NA,3,2,2,NA,NA,NA
199,1,1,1,1,0,0,0,0,0,0,0,0,35,26,10,4,5.05,2.95,17,1,NA,1,1,26,0.25,3
200,1,1,1,1,0,0,0,0,0,0,0,0,17.75,4,17.5,5,5.05,3.59,13.5,0,NA,1,1,NA,NA,3
201,1,1,1,1,0,0,0,0,0,0,0,0,24.5,13,17,3,5.05,2.95,17,0,NA,1,1,13,0.28,3
202,1,1,1,1,0,0,0,0,0,0,0,0,16.5,0,27,3,5.05,3.27,18,0,NA,1,1,13,0.2,4
203,1,1,1,1,0,0,0,0,0,0,0,0,30,10,30,5,5.05,3.01,16,NA,NA,1,1,4,0.23,3
204,1,1,1,1,0,0,0,0,0,0,0,0,39,29,14,3,5.05,2.95,17,1,NA,1,1,26,0.18,3
205,1,1,1,0,1,0,0,0,0,0,0,0,17,14,0,3,5.05,4.53,11,0,2,1,1,4,0.05,3
206,1,1,1,0,1,0,0,0,0,0,0,0,12.5,4,11,3,5.05,5.07,11,1,NA,1,1,6,0.25,3
207,1,1,1,0,0,1,0,1,0,0,0,0,38.5,25,15,6,5.05,3.22,16.5,1,NA,1,1,13,0.15,6
208,1,1,1,0,0,1,0,1,0,0,0,0,20,8,18,3,5.05,3.22,16,0,NA,1,1,41,0.13,5
209,1,1,1,0,0,0,1,0,0,0,0,0,21,11,14,3,5.05,3.09,12.5,0,2,1,1,13,0.1,2
210,1,1,1,1,0,0,0,0,1,0,0,0,32,12,30,5,5.05,2.89,16,0,NA,1,1,52,0.2,3
211,1,1,1,1,0,0,0,0,1,0,0,0,19,9,12,4,5.05,3.14,15,0,NA,1,1,4,0.13,3
212,1,1,1,1,0,0,0,0,1,0,0,0,20,0,30,5,5.05,3.03,15,0,NA,1,1,41,0.18,3
213,1,1,1,1,0,0,0,0,0,1,0,0,26.5,4,37,4,5.05,2.86,15,0,2,1,2,42,0.18,5
214,1,1,1,1,0,0,0,1,1,0,0,0,19,0,30,4,5.05,3.21,17,0,1,1,1,26,0.18,3
215,1,1,1,1,0,0,0,1,1,0,0,0,20,14,6,3,5.05,3.17,15,0,NA,1,1,NA,0.25,3
216,1,1,1,1,0,0,0,1,0,0,0,0,22.5,5,25,5,5.05,3.21,16,0,NA,1,1,13,0.15,4
217,1,1,1,0,1,0,0,0,1,0,0,0,10,0,14,3,5.05,4.33,10,0,NA,1,1,13,0.25,3
218,1,1,1,0,1,0,0,0,0,0,0,0,12.5,0,15,5,5.05,4.58,10.5,0,3,1,1,26,0.15,4
219,1,1,1,0,1,0,0,0,1,0,0,0,11,2.5,11,3,5.05,4.39,10,0,NA,1,1,13,0.3,3
220,1,1,1,0,1,0,0,0,1,0,0,0,12.5,3,13,3,5.05,4.48,10,0,NA,1,1,13,0.45,3
221,1,1,1,0,0,1,0,1,1,0,0,0,59,30,50,4,5.05,4.71,24,1,6,1,2,15,0.25,5
222,1,1,1,0,0,1,0,0,1,0,0,0,19,10,12,3,5.05,3.3,15,0,NA,1,1,26,0.15,8
223,1,1,1,0,0,1,0,0,0,1,0,0,15.5,0,27,2,5.05,3.13,15,0,NA,1,1,52,0.25,5
224,1,1,1,0,0,0,1,0,1,0,0,0,19,11,10,3,5.05,2.78,12.5,1,1,1,1,26,0.08,2
225,1,1,1,1,0,0,0,0,0,0,0,0,26.5,0,45,4,5.05,3.2,16.5,0,NA,1,1,13,0.25,4
226,1,1,1,1,0,0,0,0,0,0,0,0,17.5,2,25,3,5.05,2.95,16,0,NA,1,1,26,0.2,2
227,1,1,1,1,0,0,0,1,0,0,0,0,20.5,13.5,10,2,5.05,NA,14,0,9,1,2,NA,NA,4
228,1,1,1,1,0,0,0,0,0,0,0,0,28,11,24,5,5.05,3.44,17,0,NA,1,1,26,0.15,3
229,1,1,1,0,0,1,0,0,0,0,0,0,30.25,20,14.5,3,5.05,3.32,16,0,1,1,1,26,NA,5
230,1,1,1,1,0,0,0,0,1,0,0,0,44,20,40,4,5.25,2.99,16.5,0,1,1,1,26,0.25,3
231,1,1,1,1,0,0,0,0,1,0,0,0,17.5,6,15,4,5.05,3.01,17,NA,NA,1,1,NA,NA,4
232,1,1,1,1,0,0,0,0,1,0,0,0,31,22,12,3,5.05,3.55,13,1,NA,1,1,13,0.45,8
233,1,1,1,1,0,0,0,0,0,0,0,0,31,18,20,3,5.05,2.99,15,0,NA,1,1,26,0.38,4
234,1,1,1,1,0,0,0,0,0,0,0,0,28.5,18,13,4,5.05,2.89,17.5,0,1,1,1,26,NA,3
235,1,1,1,1,0,0,0,1,1,0,0,0,19,0,30,4,5.05,3.15,16,0,3,1,1,NA,NA,3
236,1,1,1,1,0,0,0,0,0,0,0,0,41,10,50,6,5.05,3.24,12.5,0,NA,1,1,26,0.1,6
237,1,1,1,1,0,0,0,0,1,0,0,0,28,21,6,4,5.05,3.22,15,1,NA,1,1,13,0.5,2
238,1,1,1,0,1,0,0,0,1,0,0,0,9.5,0,15,2,5.05,4.51,12,0,NA,1,1,52,0.4,4
239,1,1,1,0,0,1,0,1,1,0,0,0,25,2,38,4,5.05,3.22,16,0,6,1,2,4,0.15,5
240,1,1,1,0,0,1,0,1,1,0,0,0,28,15,20,3,5.5,NA,14,0,NA,1,1,52,0.25,2
241,1,1,1,0,0,1,0,1,1,0,0,0,16,3,20,3,5.05,4.28,15,0,NA,1,1,26,NA,5
242,1,1,1,0,0,1,0,0,1,0,0,0,22.75,6,27.5,3,5.05,3.11,16,0,NA,1,1,52,0.25,4
243,1,1,1,0,0,1,0,1,1,0,0,0,NA,NA,NA,NA,NA,NA,16,NA,3,0,2,NA,NA,NA
244,1,1,1,0,0,1,0,1,0,0,0,0,32,12,30,5,5.05,3.27,15,0,1,1,1,26,0.25,5
245,1,1,1,0,0,0,1,0,1,0,0,0,27.5,5,35,5,5.67,2.99,11.5,1,NA,1,1,4,0.25,2
246,1,1,1,0,0,0,1,0,1,0,0,0,25.5,10,25,3,5.05,3.23,12.5,1,2,1,1,13,0.18,2
247,1,1,1,0,0,0,1,0,0,0,0,0,60.5,40,31,5,5.05,3.16,11.5,0,NA,1,1,26,0.18,2
248,1,1,1,1,0,0,0,0,0,0,0,0,20.5,0,32,4.5,5.05,3.09,16,0,NA,1,1,26,0.17,4
249,1,1,1,1,0,0,0,0,0,0,0,0,16,8,10,3,5.05,2.93,16,0,NA,1,1,26,0.25,2
250,1,1,1,1,0,0,0,0,0,0,0,0,25,12,20,3,5.75,2.87,15,0,8,1,2,28,0.58,3
251,1,1,1,1,0,0,0,0,0,0,0,0,13,2,18,2,5.05,2.9,15,0,NA,1,1,NA,0.3,3
252,1,1,1,0,1,0,0,0,0,0,0,0,9,3,4,4,5.05,4.38,11.5,0,NA,1,1,13,0.25,3
253,1,1,1,0,1,0,0,0,0,0,0,0,16.5,10,5,4,5.25,4.28,11.5,0,NA,1,1,13,0.25,4
254,1,1,1,0,0,1,0,1,0,0,0,0,21,3,30,3,5.05,3.17,15.5,0,NA,1,1,26,0.18,6
255,1,1,1,0,0,0,1,0,0,0,0,0,21.5,0,35,4,5.05,3.21,12.5,0,1,1,1,26,0.18,2
256,1,1,1,1,0,0,0,0,0,0,0,0,20,0,32,4,5.25,3.2,16,0,NA,1,1,10,0.18,3
257,1,1,1,1,0,0,0,1,0,0,0,0,21.25,10,12.5,5,5.05,3.25,16,1,NA,1,1,4,0.1,3
258,1,1,1,1,0,0,0,0,0,0,0,0,21.5,7,23,3,5.05,3.17,13,0,2,1,1,8,0.18,6
259,1,1,1,1,0,0,0,0,0,0,0,0,31,11,30,5,5.05,3.03,18,0,1,1,1,26,0.15,4
260,1,1,1,1,0,0,0,0,0,0,0,0,33,20,20,3,5.05,2.93,16,0,NA,1,1,4,0.2,3
261,1,1,1,1,0,0,0,0,0,0,0,0,37.75,20,27.5,4,5.05,NA,16,0,1,1,1,NA,NA,NA
262,1,1,1,0,1,0,0,1,0,0,0,0,9,1,10,3,5.05,4.59,10.5,1,NA,1,1,26,0.25,3
263,1,1,1,0,1,0,0,0,0,0,0,0,11,2,10,4,5.05,4.27,11,0,3,1,1,26,0.2,3
264,1,1,1,0,1,0,0,0,0,0,0,0,12.75,0,17.5,4,5.05,4.95,12,0,NA,1,1,NA,NA,4
265,1,1,1,0,1,0,0,0,0,1,0,0,10.5,0,15,3,5.05,4.78,10,0,NA,1,1,26,0.25,4
266,1,1,1,0,1,0,0,0,0,0,0,0,22,15,10,2,5.05,4.8,10.5,0,4,1,1,13,0.25,4
267,1,1,1,0,1,0,0,0,1,0,0,0,8,2,6,3,5.05,4.8,10.5,1,NA,1,1,26,0.25,3
268,1,1,1,0,0,1,0,0,0,0,0,0,25,12,18,4,5.05,3.18,16,0,3,1,1,26,NA,5
269,1,1,1,0,0,1,0,0,0,0,0,0,12.5,0,19,3,5.05,3.22,15,0,NA,1,1,52,0.2,5
270,1,1,1,0,0,0,1,0,0,0,0,0,22.5,4.5,30,3,5.25,3.15,12.5,0,NA,1,1,19,0.18,2
271,1,1,1,0,0,0,1,0,0,0,0,0,11.5,4,9,3,5.05,3.17,13,1,2,1,1,26,0.13,2
272,1,1,1,0,0,0,1,0,0,0,0,0,23.5,8,25,3,5.05,3.89,12.5,0,2,1,1,26,0.15,2
273,1,1,1,1,0,0,0,0,0,0,0,0,30,10,32,4,5.05,2.93,16,0,8,1,1,26,0.15,3
274,1,1,1,0,1,0,0,0,0,0,0,0,16.5,11,3,4,5.05,4.26,10.5,NA,NA,1,1,2,0.45,4
275,1,1,1,1,0,0,0,0,0,0,0,0,29,5,40,4,5.05,2.97,17.5,0,NA,1,1,52,0.25,5
276,1,1,1,1,0,0,0,0,0,0,0,0,30,16,22,3,5.05,2.95,17,1,NA,1,1,26,0.28,3
277,1,1,1,1,0,0,0,0,0,0,0,0,22.5,13,11,4,5.05,2.74,19,0,NA,1,1,4,0.08,3
278,1,1,1,1,0,0,0,0,0,0,0,0,24,4,34,3,5.05,2.95,17,0,NA,1,1,26,0.18,3
279,1,1,1,1,0,0,0,0,0,0,0,0,21.75,12,13.5,3,5.05,3.09,17.5,0,NA,1,1,13,0.25,3
280,1,1,1,0,1,0,0,1,0,0,0,0,13.5,8.5,6,2,5.2,4.21,12,1,NA,1,1,52,0.5,5
281,1,1,1,0,0,1,0,1,0,0,0,0,24,5,32,3,5.05,3.17,14,0,2,1,1,26,NA,5
282,1,1,1,0,0,1,0,1,0,0,0,0,28.5,6,37,4,5.05,3.22,16,0,NA,1,1,26,0.2,5
283,1,1,1,0,0,0,1,1,0,0,0,0,10,0,14,3,5.05,NA,11,0,NA,1,1,13,0.2,4
284,1,1,1,1,0,0,0,0,0,1,0,0,23.5,2,35,4,5.05,NA,15,0,NA,1,1,4,NA,3
285,1,1,1,1,0,0,0,0,0,1,0,0,30.5,20,15,3,5.05,2.88,16,1,NA,1,1,4,0.53,2
286,1,1,1,1,0,0,0,1,0,1,0,0,24.75,12,17.5,4,5.05,2.93,17.5,1,2,1,2,19,0.15,4
287,1,1,1,1,0,0,0,0,0,1,0,0,22.5,0,35,5,5.05,2.93,16.25,0,1,1,1,NA,NA,3
288,1,1,1,1,0,0,0,0,0,1,0,0,28,20,10,3,5.05,2.7,16,0,NA,1,1,26,0.15,3
289,1,1,1,0,1,0,0,0,0,1,0,0,14,2,18,3,5.05,4.74,10.5,0,NA,1,1,13,0.2,5
290,1,1,1,0,1,0,0,1,0,1,0,0,9,0,12,3,5.05,3.99,10.5,0,NA,1,1,26,0.2,4
291,1,1,1,0,1,0,0,1,0,1,0,0,9.5,5,3,3,5.05,3.87,11,0,NA,1,1,26,0.25,3
292,1,1,1,0,1,0,0,1,0,1,0,0,15.5,9,9,2,5.05,4.2,10.5,0,NA,1,1,26,0.18,NA
293,1,1,1,0,1,0,0,0,0,1,0,0,12,3,12,3,5.05,4.74,10,0,1,1,1,13,0.13,4
294,1,1,1,0,1,0,0,0,0,1,0,0,11.5,1,15,3,5.05,4.52,11,0,NA,1,1,13,0.15,4
295,1,1,1,0,0,1,0,1,0,1,0,0,12.5,2,15,3,5.05,2.91,11.5,0,NA,1,1,26,0.2,3
296,1,1,1,0,0,1,0,1,0,1,0,0,16,3,20,3,5.05,2.96,15,0,2,1,2,28,0.25,3
297,1,1,1,0,0,1,0,1,0,1,0,0,28.5,12,25,4,5.05,2.96,17,0,NA,1,1,4,0.1,5
298,1,1,1,0,0,0,1,0,0,1,0,0,15,0,26,2,5.3,2.79,10.5,0,1,1,1,52,0.15,2
299,1,1,1,0,0,0,1,0,0,1,0,0,23.5,11,19,3,5.05,2.73,12.5,0,NA,1,1,NA,NA,2
300,1,1,1,1,0,0,0,0,0,0,0,0,30.5,22,11,3,5.5,2.89,13.5,1,NA,1,1,26,0.15,4
301,1,1,1,1,0,0,0,0,0,0,0,0,26.5,15,17,3,5.05,2.93,17,0,NA,1,1,26,0.18,3
302,1,1,1,1,0,0,0,0,0,0,0,0,27,18,10,4,5.05,2.95,15,0,3,1,1,13,0.25,3
303,1,1,1,1,0,0,0,0,0,0,0,0,21.5,15,7,3,5.05,2.93,16,0,NA,1,1,26,0.25,2
304,1,1,1,1,0,0,0,0,0,0,0,0,NA,NA,28,3,5.05,3.25,15,1,4,1,2,28,0.5,4
305,1,1,1,1,0,0,0,0,0,0,0,0,21.5,9,17,4,5.05,2.88,15.5,0,NA,1,1,4,0.2,2
306,1,1,1,0,1,0,0,1,0,0,0,0,37.5,25,15,5,5.05,4.42,12,1,NA,1,1,13,0.25,5
307,1,1,1,0,1,0,0,0,0,0,0,0,11.5,0,19,2,5.05,4.21,12.5,0,NA,1,1,26,0.28,5
308,1,1,1,0,0,1,0,1,0,0,0,0,21,7,22,3,5.05,3.22,15.5,0,NA,1,1,26,0.1,6
309,1,1,1,0,0,1,0,1,0,0,0,0,28,16,12,6,5.05,3.28,17,0,NA,1,1,26,0.25,5
310,1,1,1,0,0,0,1,0,0,0,0,0,24,0,40,4,5.05,4.27,15.5,1,7,1,2,NA,NA,2
311,1,1,1,0,0,0,1,0,0,0,0,0,23,10,14,6,5.05,4.35,16,0,NA,1,1,26,0.25,2
312,1,1,1,1,0,0,0,0,0,1,0,0,19,10,12,3,5.05,2.96,15,0,NA,1,1,4,0.1,3
313,1,1,1,0,1,0,0,1,0,1,0,0,7,2,4,3,5.05,4.3,10,0,NA,1,1,6,0.25,5
314,1,1,1,0,0,1,0,1,0,1,0,0,14,4,8,6,5.05,4.62,16,NA,NA,1,1,52,0.23,3
315,1,1,1,1,0,0,0,0,0,1,0,0,NA,NA,NA,NA,NA,NA,NA,NA,2,2,2,NA,NA,NA
316,1,1,1,1,0,0,0,0,0,1,0,0,32,20,18,3,5.05,2.86,18,0,NA,1,1,13,NA,3
317,1,1,1,1,0,0,0,1,0,1,0,0,22,4,26,5,5.05,2.96,16,0,NA,1,1,8,0.28,3
318,1,1,1,1,0,0,0,0,0,1,0,0,14.25,0,22.5,3,5.05,2.97,17.5,0,NA,1,1,NA,0.25,3
319,1,1,1,1,0,0,0,0,0,1,0,0,16.5,0,23,5,5.05,3.1,16,0,2,1,2,14,NA,3
320,1,1,1,1,0,0,0,0,0,1,0,0,0,0,0,0,NA,NA,NA,NA,1,3,2,NA,NA,NA
321,1,1,1,1,0,0,0,0,0,1,0,0,47.5,30,25,5,5.05,2.84,16,0,NA,1,1,26,0.2,3
322,1,1,1,0,1,0,0,1,0,1,0,0,15.5,10,3,4,5.05,3.99,11,0,3,1,1,26,0.17,4
323,1,1,1,0,1,0,0,1,0,1,0,0,10.5,2,11,3,5.05,4.01,10,0,2,1,1,6,0.18,4
324,1,1,1,0,1,0,0,1,0,1,0,0,7,1,8,2,5.05,3.99,10.5,0,2,1,1,13,0.39,4
325,1,1,1,0,1,0,0,1,0,1,0,0,11,1,14,3,5.05,3.99,10,0,1,1,1,NA,NA,3
326,1,1,1,0,1,0,0,1,0,1,0,0,8.5,0,9,4,5.05,4,11,0,NA,1,1,NA,NA,5
327,1,1,1,0,0,1,0,1,0,1,0,0,0,0,0,0,NA,NA,NA,NA,1,3,2,NA,NA,NA
328,1,1,1,0,0,1,0,1,0,1,0,0,15,6,12,3,5.05,2.96,16,0,1,1,1,26,0.28,4
329,1,1,1,0,0,1,0,1,0,1,0,0,13.5,3,15,3,5.05,3.03,16,0,NA,1,1,52,0.13,4
330,1,1,1,0,0,1,0,1,0,1,0,0,12.5,2,15,3,5.05,2.97,11.5,0,1,1,1,26,0.18,2
331,1,1,1,0,0,1,0,1,0,1,0,0,12.5,2,15,3,5.05,2.96,16,0,NA,1,1,4,0.15,5
332,1,1,1,0,0,1,0,1,0,1,0,0,12.5,5,9,3,5.05,2.91,16,0,NA,1,1,19,0.15,5
333,1,1,1,0,0,1,0,1,0,1,0,0,10,3,10,2,5.05,4.02,15,0,NA,1,1,26,0.25,6
334,1,1,1,0,0,0,1,0,0,1,0,0,13.5,0,23,2,5.05,2.79,11.5,0,1,1,1,NA,NA,2
335,1,1,1,0,0,0,1,0,0,1,0,0,16,5,16,3,5.1,2.79,11.5,1,NA,1,1,17,0.1,2
336,1,1,1,0,0,0,1,0,0,1,0,0,23.5,15,11,3,5.05,4.53,16,1,NA,1,1,52,0.25,2
337,1,1,1,1,0,0,0,0,0,0,0,0,NA,NA,21,4,5.05,2.93,18,0,1,1,2,28,0.18,3
338,1,1,1,1,0,0,0,1,0,0,0,0,34,15,30,4,5.05,2.97,16,0,2,1,1,26,0.15,3
339,1,1,1,0,0,1,0,1,0,0,0,0,32.5,12,35,3,5.05,3.15,16,0,NA,1,1,13,0.15,5
340,1,1,1,0,0,1,0,0,0,0,0,0,21.5,10,15,4,5.05,3.74,24,1,NA,1,1,26,0.38,5
341,1,1,1,0,0,1,0,1,0,0,0,0,20,5,22,4,5.05,3.73,18,0,1,1,1,2,0.35,5
342,1,1,1,0,0,1,0,1,0,0,0,0,43.5,25,25,6,5.2,NA,24,0,1,1,1,NA,NA,5
343,1,1,1,0,0,0,1,0,0,0,0,0,17.5,3,23,3,5.05,3.93,11.5,0,NA,1,1,26,0.3,2
344,1,1,1,1,0,0,0,0,0,1,0,0,7,3,2,3,5.05,3.33,10,0,NA,1,1,4,0.25,3
345,1,1,1,1,0,0,0,0,0,1,0,0,NA,0,30,NA,5.05,2.9,15,0,NA,1,1,8,0.25,3
346,1,1,1,1,0,0,0,0,0,1,0,0,22,15,6,4,5.25,2.73,16,0,NA,1,1,13,0.15,3
347,1,1,1,1,0,0,0,1,0,1,0,0,22,12,14,3,5.05,2.93,16,1,NA,1,1,26,0.15,NA
348,1,1,1,1,0,0,0,0,0,1,0,0,7,4,0,3,5.05,3.36,10.5,0,1,1,1,8,0.13,2
349,1,1,1,0,1,0,0,0,0,1,0,0,14,7,6,4,5.05,4.65,11.5,1,NA,1,1,13,0.5,3
350,1,1,1,0,1,0,0,0,0,1,0,0,27,22,4,3,5.05,4.28,11.5,1,NA,1,1,13,0.25,4
351,1,1,1,0,0,1,0,1,0,1,0,0,18.5,12,5,4,5.05,2.91,15,0,1,1,1,13,NA,6
352,1,1,1,0,0,1,0,1,0,1,0,0,11.5,1,15,3,5.05,3.04,15,0,NA,1,1,26,0.1,6
353,1,1,1,1,0,0,0,0,1,0,0,0,16,3,20,3,5.05,2.78,15,0,NA,1,1,13,0.18,3
354,1,1,1,1,0,0,0,0,0,1,0,0,25,10,20,5,5.05,2.94,16,0,NA,1,1,6,0.2,3
355,1,1,1,1,0,0,0,1,0,1,0,0,30.5,25,5,3,5.05,NA,17,0,NA,1,1,26,NA,NA
356,1,1,1,1,0,0,0,1,0,1,0,0,11.5,5,9,2,5.05,2.85,16,1,NA,1,1,13,0.25,3
357,1,1,1,1,0,0,0,0,0,1,0,0,25.5,15,17,2,5.05,2.73,16,0,NA,1,1,8,0.15,5
358,1,1,1,0,1,0,0,1,0,1,0,0,9.5,3,7,3,5.05,4.06,11,0,NA,1,1,NA,NA,4
359,1,1,1,0,1,0,0,1,0,1,0,0,11.5,4,11,2,5.05,4.12,12,0,4,1,1,6,0.15,4
360,1,1,1,0,1,0,0,1,0,1,0,0,12,3,12,3,NA,NA,11,0,NA,1,1,NA,NA,NA
361,1,1,1,0,0,1,0,1,1,0,0,0,0,0,0,0,NA,NA,NA,NA,1,3,2,NA,NA,NA
362,1,1,1,0,0,1,0,1,0,1,0,0,17,5,20,2,5.05,2.91,17,0,1,1,1,13,0.23,5
363,1,1,1,0,0,1,0,1,0,1,0,0,24,10,20,4,5.05,2.75,16,0,2,1,1,52,0.53,4
364,1,1,1,0,0,1,0,1,0,0,0,0,NA,NA,NA,NA,NA,2.79,NA,NA,9,5,2,NA,NA,NA
365,1,1,1,0,0,1,0,1,0,1,0,0,NA,NA,31,4,5.05,2.91,16,0,4,1,2,28,NA,3
366,1,1,1,0,0,0,1,0,1,0,0,0,13.5,3,17,2,NA,2.74,11.5,0,NA,1,1,NA,NA,2
367,1,1,1,1,0,0,0,1,0,1,0,0,17,0,26,4,5.05,2.74,16,0,NA,1,1,26,0.25,3
368,1,1,1,1,0,0,0,0,0,1,0,0,28,5,32,7,5.05,2.74,16,0,NA,1,1,4,0.25,3
369,1,1,1,1,0,0,0,0,0,1,0,0,21.5,4,23,6,5.05,2.75,16,0,NA,1,1,26,0.18,3
370,1,1,1,0,1,0,0,0,0,1,0,0,30,24,4,4,5.05,4.32,12.5,0,NA,1,1,13,0.18,5
371,1,1,1,0,1,0,0,0,0,1,0,0,19.5,14,7,2,5.2,4.24,12.5,0,NA,1,1,4,0.13,4
372,1,1,1,0,1,0,0,0,0,1,0,0,20,1,30,4,5.05,4.32,12.5,0,NA,1,1,52,0.25,5
373,1,1,1,0,0,1,0,0,0,1,0,0,14.5,1,19,4,5.05,2.54,11.5,0,1,1,1,13,0.25,4
374,1,1,1,0,0,0,1,0,0,1,0,0,14.5,0,25,2,5.05,2.8,11.5,0,NA,1,1,19,0.15,2
375,1,1,1,1,0,0,0,1,0,0,0,0,0,0,0,0,NA,NA,NA,NA,NA,3,2,NA,NA,NA
376,1,1,1,1,0,0,0,0,0,0,0,0,31.5,26,5,3,5.05,NA,16,1,NA,1,1,NA,0.1,3
377,1,1,1,1,0,0,0,0,0,0,0,0,11.5,0,17,3,5.05,3.27,14,1,2,1,1,15,0.2,3
378,1,1,1,1,0,0,0,0,0,0,0,0,20,11,12,3,5.05,2.94,14,0,NA,1,1,26,0.2,3
379,1,1,1,1,0,0,0,0,0,0,0,0,34,28,6,3,5.05,3.18,16,1,1,1,1,52,0.15,3
380,1,1,1,1,0,0,0,0,0,0,0,0,25,15,14,3,5.05,2.93,16,0,NA,1,1,26,0.13,3
381,1,1,1,1,0,0,0,0,0,0,0,0,10,7,2,2,5.05,3.22,16,0,2,1,1,26,0.38,2
382,1,1,1,1,0,0,0,0,0,0,0,0,18,0,30,3,5.05,2.99,16,0,NA,1,1,26,0.1,3
383,1,1,1,1,0,0,0,0,0,0,0,0,25,15,14,3,5.05,2.79,17,0,4,1,2,28,0.1,3
384,1,1,1,1,0,0,0,0,0,0,0,0,23,14,10,4,5.05,2.95,17,0,NA,1,1,26,0.25,4
385,1,1,1,0,1,0,0,0,0,0,0,0,17.5,12,7,2,5.05,4.74,10,0,2,1,1,NA,NA,4
386,1,1,1,0,1,0,0,1,0,0,0,0,23,18,4,3,5.25,5.17,11,1,3,1,1,13,0.25,3
387,1,1,1,0,0,1,0,1,0,0,0,0,26,8,30,3,5.4,3.21,16,0,NA,1,1,26,0.1,5
388,1,1,1,0,0,1,0,1,0,0,0,0,16.5,6,15,3,5.05,4.34,17,0,9,1,2,52,0.24,4
389,1,1,1,0,0,1,0,1,0,0,0,0,35.5,25,15,3,5.05,3.22,17,0,2,1,2,28,NA,5
390,1,1,1,0,0,1,0,1,0,0,0,0,31,18,18,4,5.05,3.39,16,0,NA,1,1,26,0.23,7
391,1,1,1,0,0,1,0,1,0,0,0,0,23,8,24,3,5.05,3.23,16,0,NA,1,1,41,0.15,5
392,1,1,1,0,0,1,0,0,0,0,0,0,22.5,5,27,4,5.05,3.22,16,0,2,1,1,26,0.15,6
393,1,1,1,0,0,1,0,1,0,0,0,0,21.5,17,5,2,5.05,3.21,15,0,NA,1,1,26,0.13,4
394,1,1,1,0,0,1,0,1,0,0,0,0,12,1.5,15,3,5.05,3.18,16,0,NA,1,1,26,0.15,6
395,1,1,1,1,0,0,0,0,0,0,0,0,20.5,0,35,3,5.05,3.18,16,1,NA,1,1,26,0.1,4
396,1,1,1,1,0,0,0,0,0,0,0,0,25,4,36,3,5.05,3.17,16,1,NA,1,1,4,0.13,5
397,1,1,1,0,1,0,0,0,1,0,0,0,8.5,0,13,2,5.05,4.84,11,0,NA,1,1,NA,NA,5
398,1,1,1,1,0,0,0,0,0,0,0,0,13,0,20,3,5.05,3.17,17,1,NA,1,1,26,0.13,4
399,1,1,1,1,0,0,0,0,0,0,0,0,21.5,13,9,4,5.05,3.23,16,1,NA,1,1,26,0.38,4
400,1,1,1,1,0,0,0,0,0,0,0,0,23,0,38,4,5.05,2.99,16,0,NA,1,1,52,NA,4
401,1,1,1,1,0,0,0,1,0,0,0,0,25.5,13,17,4,5.05,3.2,16,1,NA,1,1,26,0.15,3
402,1,1,1,1,0,0,0,0,0,0,0,0,21.5,0,35,4,5.05,2.52,16,0,NA,1,1,26,0.15,3
403,1,1,1,0,1,0,0,1,0,0,0,0,9.5,5,5,2,5.05,4.42,11,0,4,1,2,NA,NA,4
404,1,1,1,0,1,0,0,1,0,0,0,0,36.5,25,7,8,5.05,4.21,13,0,3,1,1,4,1,4
405,1,1,1,0,1,0,0,0,0,0,0,0,16,5,10,6,5.05,4.17,11,0,2,1,1,NA,NA,4
406,1,1,1,0,1,0,0,1,0,0,0,0,23.75,19,3.5,3,5.25,4.21,11,0,1,1,1,13,0.5,3
407,1,1,1,0,1,0,0,1,0,0,0,0,17.5,12,3,4,5.25,4.31,14,0,1,1,1,19,0.5,5
408,1,1,1,0,0,1,0,1,0,0,0,0,20.5,5,25,3,5.05,3.21,18,1,NA,1,1,19,0.25,6
409,1,1,1,0,0,0,1,0,0,0,0,0,20.5,0,35,3,5.05,4.27,12.5,1,4,1,2,NA,NA,2
410,1,1,1,0,0,0,1,0,0,0,0,0,25,10,24,3,5.14,4.05,12.5,0,NA,1,1,13,0.1,2
